Tree_name,Taxa,Diam_mm,State,Condition,Year,Row,Position,blockid,groupid,averageid
BRAG-NYO_10K,B3,3.9,NY,Open,2019,10,K,5NYO,5,20195NYO5
BRAG-NYO_10K,B3,4.73,NY,Open,2020,10,K,5NYO,5,20205NYO5
BRAG-NYO_10K,B3,15.41,NY,Open,2021,10,K,5NYO,5,20215NYO5
BRAG-NYO_10K,B3,5,NY,Open,2023,10,K,5NYO,5,20235NYO5
BRAG-NYO_10L,B3,3.8,NY,Open,2019,10,L,5NYO,5,20195NYO5
BRAG-NYO_10L,B3,12.58,NY,Open,2020,10,L,5NYO,5,20205NYO5
BRAG-NYO_10L,B3,29.86,NY,Open,2021,10,L,5NYO,5,20215NYO5
BRAG-NYO_10L,B3,20,NY,Open,2023,10,L,5NYO,5,20235NYO5
BRAG-NYO_11I,B3,5.7,NY,Open,2019,11,I,6NYO,4,20196NYO4
BRAG-NYO_11I,B3,12.5,NY,Open,2020,11,I,6NYO,4,20206NYO4
BRAG-NYO_11I,B3,22.55,NY,Open,2021,11,I,6NYO,4,20216NYO4
BRAG-NYO_11I,B3,28,NY,Open,2023,11,I,6NYO,4,20236NYO4
BRAG-NYO_11J,B3,3.4,NY,Open,2019,11,J,6NYO,4,20196NYO4
BRAG-NYO_11J,B3,6.95,NY,Open,2020,11,J,6NYO,4,20206NYO4
BRAG-NYO_11J,B3,17.76,NY,Open,2021,11,J,6NYO,4,20216NYO4
BRAG-NYO_11J,B3,18,NY,Open,2023,11,J,6NYO,4,20236NYO4
BRAG-NYO_12I,B3,3,NY,Open,2019,12,I,6NYO,4,20196NYO4
BRAG-NYO_12I,B3,4.18,NY,Open,2020,12,I,6NYO,4,20206NYO4
BRAG-NYO_12I,B3,7.94,NY,Open,2021,12,I,6NYO,4,20216NYO4
BRAG-NYO_12I,B3,2,NY,Open,2023,12,I,6NYO,4,20236NYO4
BRAG-NYO_12J,B3,4.1,NY,Open,2019,12,J,6NYO,4,20196NYO4
BRAG-NYO_12J,B3,7.12,NY,Open,2020,12,J,6NYO,4,20206NYO4
BRAG-NYO_12J,B3,11.34,NY,Open,2021,12,J,6NYO,4,20216NYO4
BRAG-NYO_12J,B3,2,NY,Open,2023,12,J,6NYO,4,20236NYO4
BRAG-NYO_1M,B3,5,NY,Open,2019,1,M,1NYO,6,20191NYO6
BRAG-NYO_1M,B3,6.91,NY,Open,2020,1,M,1NYO,6,20201NYO6
BRAG-NYO_1M,B3,15.47,NY,Open,2021,1,M,1NYO,6,20211NYO6
BRAG-NYO_1M,B3,33,NY,Open,2023,1,M,1NYO,6,20231NYO6
BRAG-NYO_1N,B3,5,NY,Open,2019,1,N,1NYO,6,20191NYO6
BRAG-NYO_1N,B3,9.88,NY,Open,2020,1,N,1NYO,6,20201NYO6
BRAG-NYO_1N,B3,22.14,NY,Open,2021,1,N,1NYO,6,20211NYO6
BRAG-NYO_1N,B3,47,NY,Open,2023,1,N,1NYO,6,20231NYO6
BRAG-NYO_2M,B3,5,NY,Open,2019,2,M,1NYO,6,20191NYO6
BRAG-NYO_2M,B3,10.16,NY,Open,2020,2,M,1NYO,6,20201NYO6
BRAG-NYO_2M,B3,19.98,NY,Open,2021,2,M,1NYO,6,20211NYO6
BRAG-NYO_2M,B3,40,NY,Open,2023,2,M,1NYO,6,20231NYO6
BRAG-NYO_2N,B3,5,NY,Open,2019,2,N,1NYO,6,20191NYO6
BRAG-NYO_2N,B3,10.35,NY,Open,2020,2,N,1NYO,6,20201NYO6
BRAG-NYO_2N,B3,21,NY,Open,2021,2,N,1NYO,6,20211NYO6
BRAG-NYO_2N,B3,18,NY,Open,2023,2,N,1NYO,6,20231NYO6
BRAG-NYO_3G,B3,5,NY,Open,2019,3,G,2NYO,3,20192NYO3
BRAG-NYO_3G,B3,11.04,NY,Open,2020,3,G,2NYO,3,20202NYO3
BRAG-NYO_3G,B3,19.04,NY,Open,2021,3,G,2NYO,3,20212NYO3
BRAG-NYO_3G,B3,45,NY,Open,2023,3,G,2NYO,3,20232NYO3
BRAG-NYO_3H,B3,2.5,NY,Open,2019,3,H,2NYO,3,20192NYO3
BRAG-NYO_3H,B3,2.44,NY,Open,2020,3,H,2NYO,3,20202NYO3
BRAG-NYO_3H,B3,6.04,NY,Open,2021,3,H,2NYO,3,20212NYO3
BRAG-NYO_3H,B3,11,NY,Open,2023,3,H,2NYO,3,20232NYO3
BRAG-NYO_4G,B3,5,NY,Open,2019,4,G,2NYO,3,20192NYO3
BRAG-NYO_4G,B3,11.03,NY,Open,2020,4,G,2NYO,3,20202NYO3
BRAG-NYO_4G,B3,18.83,NY,Open,2021,4,G,2NYO,3,20212NYO3
BRAG-NYO_4G,B3,38,NY,Open,2023,4,G,2NYO,3,20232NYO3
BRAG-NYO_4H,B3,5,NY,Open,2019,4,H,2NYO,3,20192NYO3
BRAG-NYO_4H,B3,10.02,NY,Open,2020,4,H,2NYO,3,20202NYO3
BRAG-NYO_4H,B3,19.47,NY,Open,2021,4,H,2NYO,3,20212NYO3
BRAG-NYO_4H,B3,42,NY,Open,2023,4,H,2NYO,3,20232NYO3
BRAG-NYO_5E,B3,4.1,NY,Open,2019,5,E,3NYO,2,20193NYO2
BRAG-NYO_5E,B3,14,NY,Open,2020,5,E,3NYO,2,20203NYO2
BRAG-NYO_5E,B3,11.42,NY,Open,2021,5,E,3NYO,2,20213NYO2
BRAG-NYO_5E,B3,22,NY,Open,2023,5,E,3NYO,2,20233NYO2
BRAG-NYO_5F,B3,6.75,NY,Open,2019,5,F,3NYO,2,20193NYO2
BRAG-NYO_5F,B3,13.1,NY,Open,2020,5,F,3NYO,2,20203NYO2
BRAG-NYO_5F,B3,20.09,NY,Open,2021,5,F,3NYO,2,20213NYO2
BRAG-NYO_5F,B3,44,NY,Open,2023,5,F,3NYO,2,20233NYO2
BRAG-NYO_6E,B3,6.28,NY,Open,2019,6,E,3NYO,2,20193NYO2
BRAG-NYO_6E,B3,13,NY,Open,2020,6,E,3NYO,2,20203NYO2
BRAG-NYO_6E,B3,21.66,NY,Open,2021,6,E,3NYO,2,20213NYO2
BRAG-NYO_6E,B3,19,NY,Open,2023,6,E,3NYO,2,20233NYO2
BRAG-NYO_6F,B3,7,NY,Open,2019,6,F,3NYO,2,20193NYO2
BRAG-NYO_6F,B3,13.48,NY,Open,2020,6,F,3NYO,2,20203NYO2
BRAG-NYO_6F,B3,24.34,NY,Open,2021,6,F,3NYO,2,20213NYO2
BRAG-NYO_6F,B3,47,NY,Open,2023,6,F,3NYO,2,20233NYO2
BRAG-NYO_7C,B3,4.2,NY,Open,2019,7,C,4NYO,1,20194NYO1
BRAG-NYO_7C,B3,3.16,NY,Open,2020,7,C,4NYO,1,20204NYO1
BRAG-NYO_7C,B3,8.53,NY,Open,2021,7,C,4NYO,1,20214NYO1
BRAG-NYO_7C,B3,18,NY,Open,2023,7,C,4NYO,1,20234NYO1
BRAG-NYO_7D,B3,6.17,NY,Open,2019,7,D,4NYO,1,20194NYO1
BRAG-NYO_7D,B3,12.81,NY,Open,2020,7,D,4NYO,1,20204NYO1
BRAG-NYO_7D,B3,27.81,NY,Open,2021,7,D,4NYO,1,20214NYO1
BRAG-NYO_7D,B3,29,NY,Open,2023,7,D,4NYO,1,20234NYO1
BRAG-NYO_8C,B3,4.19,NY,Open,2019,8,C,4NYO,1,20194NYO1
BRAG-NYO_8C,B3,11.55,NY,Open,2020,8,C,4NYO,1,20204NYO1
BRAG-NYO_8C,B3,21.44,NY,Open,2021,8,C,4NYO,1,20214NYO1
BRAG-NYO_8C,B3,47,NY,Open,2023,8,C,4NYO,1,20234NYO1
BRAG-NYO_8D,B3,3.26,NY,Open,2019,8,D,4NYO,1,20194NYO1
BRAG-NYO_8D,B3,11.49,NY,Open,2020,8,D,4NYO,1,20204NYO1
BRAG-NYO_8D,B3,18.99,NY,Open,2021,8,D,4NYO,1,20214NYO1
BRAG-NYO_8D,B3,44,NY,Open,2023,8,D,4NYO,1,20234NYO1
BRAG-NYO_9K,B3,3.7,NY,Open,2019,9,K,5NYO,5,20195NYO5
BRAG-NYO_9K,B3,3.42,NY,Open,2020,9,K,5NYO,5,20205NYO5
BRAG-NYO_9K,B3,11.5,NY,Open,2021,9,K,5NYO,5,20215NYO5
BRAG-NYO_9K,B3,28,NY,Open,2023,9,K,5NYO,5,20235NYO5
BRAG-NYO_9L,B3,6.8,NY,Open,2019,9,L,5NYO,5,20195NYO5
BRAG-NYO_9L,B3,16.37,NY,Open,2020,9,L,5NYO,5,20205NYO5
BRAG-NYO_9L,B3,19.98,NY,Open,2021,9,L,5NYO,5,20215NYO5
BRAG-NYO_9L,B3,38,NY,Open,2023,9,L,5NYO,5,20235NYO5
BRAG19-NYS_10A,B3,1.6,NY,Shelter,2019,10,A,5NYS,1,20195NYS1
BRAG19-NYS_10A,B3,3.1,NY,Shelter,2020,10,A,5NYS,1,20205NYS1
BRAG19-NYS_10A,B3,6.65,NY,Shelter,2021,10,A,5NYS,1,20215NYS1
BRAG19-NYS_10A,B3,8,NY,Shelter,2023,10,A,5NYS,1,20235NYS1
BRAG19-NYS_10B,B3,2.1,NY,Shelter,2019,10,B,5NYS,1,20195NYS1
BRAG19-NYS_10B,B3,3.37,NY,Shelter,2020,10,B,5NYS,1,20205NYS1
BRAG19-NYS_10B,B3,6.9,NY,Shelter,2021,10,B,5NYS,1,20215NYS1
BRAG19-NYS_10B,B3,8,NY,Shelter,2023,10,B,5NYS,1,20235NYS1
BRAG19-NYS_11C,B3,1.4,NY,Shelter,2019,11,C,6NYS,2,20196NYS2
BRAG19-NYS_11C,B3,3.06,NY,Shelter,2020,11,C,6NYS,2,20206NYS2
BRAG19-NYS_11C,B3,7.76,NY,Shelter,2021,11,C,6NYS,2,20216NYS2
BRAG19-NYS_11C,B3,10,NY,Shelter,2023,11,C,6NYS,2,20236NYS2
BRAG19-NYS_11D,B3,1.4,NY,Shelter,2019,11,D,6NYS,2,20196NYS2
BRAG19-NYS_11D,B3,3.78,NY,Shelter,2020,11,D,6NYS,2,20206NYS2
BRAG19-NYS_11D,B3,8.25,NY,Shelter,2021,11,D,6NYS,2,20216NYS2
BRAG19-NYS_11D,B3,9,NY,Shelter,2023,11,D,6NYS,2,20236NYS2
BRAG19-NYS_12C,B3,1.9,NY,Shelter,2019,12,C,6NYS,2,20196NYS2
BRAG19-NYS_12C,B3,2.96,NY,Shelter,2020,12,C,6NYS,2,20206NYS2
BRAG19-NYS_12C,B3,6.94,NY,Shelter,2021,12,C,6NYS,2,20216NYS2
BRAG19-NYS_12C,B3,7,NY,Shelter,2023,12,C,6NYS,2,20236NYS2
BRAG19-NYS_12D,B3,2.5,NY,Shelter,2019,12,D,6NYS,2,20196NYS2
BRAG19-NYS_12D,B3,3.7,NY,Shelter,2020,12,D,6NYS,2,20206NYS2
BRAG19-NYS_12D,B3,9.24,NY,Shelter,2021,12,D,6NYS,2,20216NYS2
BRAG19-NYS_12D,B3,11,NY,Shelter,2023,12,D,6NYS,2,20236NYS2
BRAG19-NYS_1E,B3,2,NY,Shelter,2019,1,E,1NYS,3,20191NYS3
BRAG19-NYS_1E,B3,3.42,NY,Shelter,2020,1,E,1NYS,3,20201NYS3
BRAG19-NYS_1E,B3,4.62,NY,Shelter,2021,1,E,1NYS,3,20211NYS3
BRAG19-NYS_1E,B3,6,NY,Shelter,2023,1,E,1NYS,3,20231NYS3
BRAG19-NYS_1F,B3,2.5,NY,Shelter,2019,1,F,1NYS,3,20191NYS3
BRAG19-NYS_1F,B3,3.81,NY,Shelter,2020,1,F,1NYS,3,20201NYS3
BRAG19-NYS_1F,B3,4.84,NY,Shelter,2021,1,F,1NYS,3,20211NYS3
BRAG19-NYS_1F,B3,6,NY,Shelter,2023,1,F,1NYS,3,20231NYS3
BRAG19-NYS_2E,B3,2,NY,Shelter,2019,2,E,1NYS,3,20191NYS3
BRAG19-NYS_2E,B3,3.43,NY,Shelter,2020,2,E,1NYS,3,20201NYS3
BRAG19-NYS_2E,B3,4.26,NY,Shelter,2021,2,E,1NYS,3,20211NYS3
BRAG19-NYS_2E,B3,6,NY,Shelter,2023,2,E,1NYS,3,20231NYS3
BRAG19-NYS_2F,B3,3.5,NY,Shelter,2019,2,F,1NYS,3,20191NYS3
BRAG19-NYS_2F,B3,4.32,NY,Shelter,2020,2,F,1NYS,3,20201NYS3
BRAG19-NYS_2F,B3,5.23,NY,Shelter,2021,2,F,1NYS,3,20211NYS3
BRAG19-NYS_2F,B3,5,NY,Shelter,2023,2,F,1NYS,3,20231NYS3
BRAG19-NYS_3K,B3,2.8,NY,Shelter,2019,3,K,2NYS,6,20192NYS6
BRAG19-NYS_3K,B3,3.43,NY,Shelter,2020,3,K,2NYS,6,20202NYS6
BRAG19-NYS_3K,B3,4.09,NY,Shelter,2021,3,K,2NYS,6,20212NYS6
BRAG19-NYS_3K,B3,4,NY,Shelter,2023,3,K,2NYS,6,20232NYS6
BRAG19-NYS_3L,B3,2.8,NY,Shelter,2019,3,L,2NYS,6,20192NYS6
BRAG19-NYS_3L,B3,4.18,NY,Shelter,2020,3,L,2NYS,6,20202NYS6
BRAG19-NYS_3L,B3,5.64,NY,Shelter,2021,3,L,2NYS,6,20212NYS6
BRAG19-NYS_3L,B3,6,NY,Shelter,2023,3,L,2NYS,6,20232NYS6
BRAG19-NYS_4K,B3,2.2,NY,Shelter,2019,4,K,2NYS,6,20192NYS6
BRAG19-NYS_4K,B3,1.36,NY,Shelter,2020,4,K,2NYS,6,20202NYS6
BRAG19-NYS_4K,B3,2.76,NY,Shelter,2021,4,K,2NYS,6,20212NYS6
BRAG19-NYS_4K,B3,3,NY,Shelter,2023,4,K,2NYS,6,20232NYS6
BRAG19-NYS_4L,B3,2.5,NY,Shelter,2019,4,L,2NYS,6,20192NYS6
BRAG19-NYS_4L,B3,3.03,NY,Shelter,2020,4,L,2NYS,6,20202NYS6
BRAG19-NYS_4L,B3,3.57,NY,Shelter,2021,4,L,2NYS,6,20212NYS6
BRAG19-NYS_4L,B3,4,NY,Shelter,2023,4,L,2NYS,6,20232NYS6
BRAG19-NYS_5I,B3,2,NY,Shelter,2019,5,I,3NYS,5,20193NYS5
BRAG19-NYS_5I,B3,2.07,NY,Shelter,2020,5,I,3NYS,5,20203NYS5
BRAG19-NYS_5I,B3,2.97,NY,Shelter,2021,5,I,3NYS,5,20213NYS5
BRAG19-NYS_5I,B3,4,NY,Shelter,2023,5,I,3NYS,5,20233NYS5
BRAG19-NYS_5J,B3,2.9,NY,Shelter,2019,5,J,3NYS,5,20193NYS5
BRAG19-NYS_5J,B3,3.16,NY,Shelter,2020,5,J,3NYS,5,20203NYS5
BRAG19-NYS_5J,B3,5.13,NY,Shelter,2021,5,J,3NYS,5,20213NYS5
BRAG19-NYS_5J,B3,5,NY,Shelter,2023,5,J,3NYS,5,20233NYS5
BRAG19-NYS_6I,B3,2.49,NY,Shelter,2019,6,I,3NYS,5,20193NYS5
BRAG19-NYS_6I,B3,2.29,NY,Shelter,2020,6,I,3NYS,5,20203NYS5
BRAG19-NYS_6I,B3,4.34,NY,Shelter,2021,6,I,3NYS,5,20213NYS5
BRAG19-NYS_6I,B3,4,NY,Shelter,2023,6,I,3NYS,5,20233NYS5
BRAG19-NYS_6J,B3,2,NY,Shelter,2019,6,J,3NYS,5,20193NYS5
BRAG19-NYS_6J,B3,2.01,NY,Shelter,2020,6,J,3NYS,5,20203NYS5
BRAG19-NYS_6J,B3,3.65,NY,Shelter,2021,6,J,3NYS,5,20213NYS5
BRAG19-NYS_6J,B3,5,NY,Shelter,2023,6,J,3NYS,5,20233NYS5
BRAG19-NYS_7E,B3,3.5,NY,Shelter,2019,7,E,4NYS,3,20194NYS3
BRAG19-NYS_7E,B3,4.48,NY,Shelter,2020,7,E,4NYS,3,20204NYS3
BRAG19-NYS_7E,B3,6.02,NY,Shelter,2021,7,E,4NYS,3,20214NYS3
BRAG19-NYS_7E,B3,8,NY,Shelter,2023,7,E,4NYS,3,20234NYS3
BRAG19-NYS_7F,B3,3,NY,Shelter,2019,7,F,4NYS,3,20194NYS3
BRAG19-NYS_7F,B3,3.78,NY,Shelter,2020,7,F,4NYS,3,20204NYS3
BRAG19-NYS_7F,B3,4.25,NY,Shelter,2021,7,F,4NYS,3,20214NYS3
BRAG19-NYS_7F,B3,3,NY,Shelter,2023,7,F,4NYS,3,20234NYS3
BRAG19-NYS_8E,B3,3,NY,Shelter,2019,8,E,4NYS,3,20194NYS3
BRAG19-NYS_8E,B3,3.68,NY,Shelter,2020,8,E,4NYS,3,20204NYS3
BRAG19-NYS_8E,B3,7.09,NY,Shelter,2021,8,E,4NYS,3,20214NYS3
BRAG19-NYS_8E,B3,7,NY,Shelter,2023,8,E,4NYS,3,20234NYS3
BRAG19-NYS_8F,B3,1.5,NY,Shelter,2019,8,F,4NYS,3,20194NYS3
BRAG19-NYS_8F,B3,2.13,NY,Shelter,2020,8,F,4NYS,3,20204NYS3
BRAG19-NYS_8F,B3,3.66,NY,Shelter,2021,8,F,4NYS,3,20214NYS3
BRAG19-NYS_8F,B3,5,NY,Shelter,2023,8,F,4NYS,3,20234NYS3
BRAG19-NYS_9A,B3,2.8,NY,Shelter,2019,9,A,5NYS,1,20195NYS1
BRAG19-NYS_9A,B3,4.1,NY,Shelter,2020,9,A,5NYS,1,20205NYS1
BRAG19-NYS_9A,B3,7.24,NY,Shelter,2021,9,A,5NYS,1,20215NYS1
BRAG19-NYS_9A,B3,8,NY,Shelter,2023,9,A,5NYS,1,20235NYS1
BRAG19-NYS_9B,B3,1.9,NY,Shelter,2019,9,B,5NYS,1,20195NYS1
BRAG19-NYS_9B,B3,2.87,NY,Shelter,2020,9,B,5NYS,1,20205NYS1
BRAG19-NYS_9B,B3,4.66,NY,Shelter,2021,9,B,5NYS,1,20215NYS1
BRAG19-NYS_9B,B3,6,NY,Shelter,2023,9,B,5NYS,1,20235NYS1
D58+18FA118,D58+,2.2,NY,Open,2019,12,H,6NYO,3,20196NYO3
D58+18FA118,D58+,4.02,NY,Open,2020,12,H,6NYO,3,20206NYO3
D58+18FA118,D58+,5.67,NY,Open,2021,12,H,6NYO,3,20216NYO3
D58+18FA118,D58+,4,NY,Open,2023,12,H,6NYO,3,20236NYO3
D58+18FA262,D58+,4.1,NY,Open,2019,5,I,3NYO,4,20193NYO4
D58+18FA262,D58+,8.16,NY,Open,2020,5,I,3NYO,4,20203NYO4
D58+18FA262,D58+,14.76,NY,Open,2021,5,I,3NYO,4,20213NYO4
D58+18FA262,D58+,18,NY,Open,2023,5,I,3NYO,4,20233NYO4
D58+18FA296,D58+,3.26,NY,Open,2019,7,K,4NYO,5,20194NYO5
D58+18FA296,D58+,7.31,NY,Open,2020,7,K,4NYO,5,20204NYO5
D58+18FA296,D58+,10.72,NY,Open,2021,7,K,4NYO,5,20214NYO5
D58+18FA296,D58+,19,NY,Open,2023,7,K,4NYO,5,20234NYO5
D58+18FA35,D58+,4.93,NY,Open,2019,6,J,3NYO,4,20193NYO4
D58+18FA35,D58+,9.52,NY,Open,2020,6,J,3NYO,4,20203NYO4
D58+18FA35,D58+,13.12,NY,Open,2021,6,J,3NYO,4,20213NYO4
D58+18FA35,D58+,28,NY,Open,2023,6,J,3NYO,4,20233NYO4
D58+18FA366,D58+,1.91,NY,Open,2019,1,E,1NYO,2,20191NYO2
D58+18FA366,D58+,5.42,NY,Open,2020,1,E,1NYO,2,20201NYO2
D58+18FA366,D58+,9.7,NY,Open,2021,1,E,1NYO,2,20211NYO2
D58+18FA366,D58+,20,NY,Open,2023,1,E,1NYO,2,20231NYO2
D58+18FA381,D58+,4.25,NY,Open,2019,9,M,5NYO,6,20195NYO6
D58+18FA381,D58+,8.12,NY,Open,2020,9,M,5NYO,6,20205NYO6
D58+18FA381,D58+,12.54,NY,Open,2021,9,M,5NYO,6,20215NYO6
D58+18FA381,D58+,10,NY,Open,2023,9,M,5NYO,6,20235NYO6
D58+18FA408,D58+,3.1,NY,Open,2019,11,G,6NYO,3,20196NYO3
D58+18FA408,D58+,5.97,NY,Open,2020,11,G,6NYO,3,20206NYO3
D58+18FA408,D58+,12.2,NY,Open,2021,11,G,6NYO,3,20216NYO3
D58+18FA408,D58+,16,NY,Open,2023,11,G,6NYO,3,20236NYO3
D58+18FA422,D58+,5,NY,Open,2019,3,C,2NYO,1,20192NYO1
D58+18FA422,D58+,5.84,NY,Open,2020,3,C,2NYO,1,20202NYO1
D58+18FA422,D58+,9.66,NY,Open,2021,3,C,2NYO,1,20212NYO1
D58+18FA422,D58+,19,NY,Open,2023,3,C,2NYO,1,20232NYO1
D58+18FA62,D58+,2.6,NY,Open,2019,10,N,5NYO,6,20195NYO6
D58+18FA62,D58+,9.14,NY,Open,2020,10,N,5NYO,6,20205NYO6
D58+18FA62,D58+,12,NY,Open,2021,10,N,5NYO,6,20215NYO6
D58+18FA64,D58+,5.26,NY,Open,2019,8,L,4NYO,5,20194NYO5
D58+18FA64,D58+,9.98,NY,Open,2020,8,L,4NYO,5,20204NYO5
D58+18FA64,D58+,18.16,NY,Open,2021,8,L,4NYO,5,20214NYO5
D58+18FA64,D58+,28,NY,Open,2023,8,L,4NYO,5,20234NYO5
D58+18FA70,D58+,2.5,NY,Open,2019,4,D,2NYO,1,20192NYO1
D58+18FA70,D58+,5.73,NY,Open,2020,4,D,2NYO,1,20202NYO1
D58+18FA70,D58+,11.37,NY,Open,2021,4,D,2NYO,1,20212NYO1
D58+18FA70,D58+,20,NY,Open,2023,4,D,2NYO,1,20232NYO1
D58+18FA92,D58+,5,NY,Open,2019,2,F,1NYO,2,20191NYO2
D58+18FA92,D58+,5.6,NY,Open,2020,2,F,1NYO,2,20201NYO2
D58+18FA92,D58+,10.8,NY,Open,2021,2,F,1NYO,2,20211NYO2
D58+18FA92,D58+,17,NY,Open,2023,2,F,1NYO,2,20231NYO2
D58+18MJ206,D58+,3.29,NY,Open,2019,5,J,3NYO,4,20193NYO4
D58+18MJ206,D58+,8.73,NY,Open,2020,5,J,3NYO,4,20203NYO4
D58+18MJ206,D58+,11.61,NY,Open,2021,5,J,3NYO,4,20213NYO4
D58+18MJ206,D58+,15,NY,Open,2023,5,J,3NYO,4,20233NYO4
D58+18MJ226,D58+,4.4,NY,Open,2019,1,F,1NYO,2,20191NYO2
D58+18MJ226,D58+,9.41,NY,Open,2020,1,F,1NYO,2,20201NYO2
D58+18MJ226,D58+,16.94,NY,Open,2021,1,F,1NYO,2,20211NYO2
D58+18MJ226,D58+,26,NY,Open,2023,1,F,1NYO,2,20231NYO2
D58+18MJ229,D58+,2.5,NY,Open,2019,12,G,6NYO,3,20196NYO3
D58+18MJ229,D58+,3.58,NY,Open,2020,12,G,6NYO,3,20206NYO3
D58+18MJ229,D58+,4.43,NY,Open,2021,12,G,6NYO,3,20216NYO3
D58+18MJ229replant,D58+,3,NY,Open,2023,12,G,6NYO,3,20236NYO3
D58+18MJ239,D58+,2.1,NY,Open,2019,10,M,5NYO,6,20195NYO6
D58+18MJ239,D58+,3.88,NY,Open,2020,10,M,5NYO,6,20205NYO6
D58+18MJ239,D58+,8.3,NY,Open,2021,10,M,5NYO,6,20215NYO6
D58+18MJ239,D58+,3,NY,Open,2023,10,M,5NYO,6,20235NYO6
D58+18MJ283,D58+,5,NY,Open,2019,2,E,1NYO,2,20191NYO2
D58+18MJ283,D58+,8.74,NY,Open,2020,2,E,1NYO,2,20201NYO2
D58+18MJ283,D58+,12.85,NY,Open,2021,2,E,1NYO,2,20211NYO2
D58+18MJ283,D58+,13,NY,Open,2023,2,E,1NYO,2,20231NYO2
D58+18MJ305,D58+,2.5,NY,Open,2019,3,D,2NYO,1,20192NYO1
D58+18MJ305,D58+,7.45,NY,Open,2020,3,D,2NYO,1,20202NYO1
D58+18MJ305,D58+,12.58,NY,Open,2021,3,D,2NYO,1,20212NYO1
D58+18MJ305,D58+,19,NY,Open,2023,3,D,2NYO,1,20232NYO1
D58+18MJ336,D58+,3.2,NY,Open,2019,11,H,6NYO,3,20196NYO3
D58+18MJ336,D58+,10.38,NY,Open,2020,11,H,6NYO,3,20206NYO3
D58+18MJ336,D58+,11.95,NY,Open,2021,11,H,6NYO,3,20216NYO3
D58+18MJ336,D58+,3,NY,Open,2023,11,H,6NYO,3,20236NYO3
D58+18MJ344,D58+,2.5,NY,Open,2019,4,C,2NYO,1,20192NYO1
D58+18MJ344,D58+,6.2,NY,Open,2020,4,C,2NYO,1,20202NYO1
D58+18MJ344,D58+,13.5,NY,Open,2021,4,C,2NYO,1,20212NYO1
D58+18MJ344,D58+,8,NY,Open,2023,4,C,2NYO,1,20232NYO1
D58+18MJ361,D58+,4.31,NY,Open,2019,8,K,4NYO,5,20194NYO5
D58+18MJ361,D58+,10.74,NY,Open,2020,8,K,4NYO,5,20204NYO5
D58+18MJ361,D58+,18.74,NY,Open,2021,8,K,4NYO,5,20214NYO5
D58+18MJ361,D58+,6,NY,Open,2023,8,K,4NYO,5,20234NYO5
D58+18MJ394,D58+,3.4,NY,Open,2019,6,I,3NYO,4,20193NYO4
D58+18MJ394,D58+,9.84,NY,Open,2020,6,I,3NYO,4,20203NYO4
D58+18MJ394,D58+,14.01,NY,Open,2021,6,I,3NYO,4,20213NYO4
D58+18MJ534,D58+,3,NY,Open,2019,9,N,5NYO,6,20195NYO6
D58+18MJ534,D58+,8.79,NY,Open,2020,9,N,5NYO,6,20205NYO6
D58+18MJ534,D58+,14.4,NY,Open,2021,9,N,5NYO,6,20215NYO6
D58+18MJ534,D58+,8,NY,Open,2023,9,N,5NYO,6,20235NYO6
D58+18MJ620,D58+,4.18,NY,Open,2019,7,L,4NYO,5,20194NYO5
D58+18MJ620,D58+,8.46,NY,Open,2020,7,L,4NYO,5,20204NYO5
D58+18MJ620,D58+,14.53,NY,Open,2021,7,L,4NYO,5,20214NYO5
D58+18MJ620,D58+,25,NY,Open,2023,7,L,4NYO,5,20234NYO5
D58+18FA124,D58+,3.86,NY,Shelter,2019,8,H,4NYS,4,20194NYS4
D58+18FA124,D58+,2.74,NY,Shelter,2020,8,H,4NYS,4,20204NYS4
D58+18FA124,D58+,3.97,NY,Shelter,2021,8,H,4NYS,4,20214NYS4
D58+18FA124,D58+,2,NY,Shelter,2023,8,H,4NYS,4,20234NYS4
D58+18FA236,D58+,2.7,NY,Shelter,2019,1,A,1NYS,1,20191NYS1
D58+18FA236,D58+,4.07,NY,Shelter,2020,1,A,1NYS,1,20201NYS1
D58+18FA236,D58+,5.76,NY,Shelter,2021,1,A,1NYS,1,20211NYS1
D58+18FA236,D58+,6,NY,Shelter,2023,1,A,1NYS,1,20231NYS1
D58+18FA245,D58+,2.72,NY,Shelter,2019,7,G,4NYS,4,20194NYS4
D58+18FA245,D58+,3.1,NY,Shelter,2020,7,G,4NYS,4,20204NYS4
D58+18FA245,D58+,5.86,NY,Shelter,2021,7,G,4NYS,4,20214NYS4
D58+18FA245,D58+,4,NY,Shelter,2023,7,G,4NYS,4,20234NYS4
D58+18FA278,D58+,2.2,NY,Shelter,2019,11,A,6NYS,1,20196NYS1
D58+18FA278,D58+,3.01,NY,Shelter,2020,11,A,6NYS,1,20206NYS1
D58+18FA278,D58+,4.07,NY,Shelter,2021,11,A,6NYS,1,20216NYS1
D58+18FA278,D58+,5,NY,Shelter,2023,11,A,6NYS,1,20236NYS1
D58+18FA338,D58+,3,NY,Shelter,2019,5,E,3NYS,3,20193NYS3
D58+18FA338,D58+,3.53,NY,Shelter,2020,5,E,3NYS,3,20203NYS3
D58+18FA338,D58+,3.52,NY,Shelter,2021,5,E,3NYS,3,20213NYS3
D58+18FA338,D58+,4,NY,Shelter,2023,5,E,3NYS,3,20233NYS3
D58+18FA346,D58+,1.8,NY,Shelter,2019,3,C,2NYS,2,20192NYS2
D58+18FA346,D58+,2.75,NY,Shelter,2020,3,C,2NYS,2,20202NYS2
D58+18FA346,D58+,3.14,NY,Shelter,2021,3,C,2NYS,2,20212NYS2
D58+18FA346,D58+,4,NY,Shelter,2023,3,C,2NYS,2,20232NYS2
D58+18FA360,D58+,3.38,NY,Shelter,2019,9,I,5NYS,5,20195NYS5
D58+18FA360,D58+,3.07,NY,Shelter,2020,9,I,5NYS,5,20205NYS5
D58+18FA360,D58+,5.14,NY,Shelter,2021,9,I,5NYS,5,20215NYS5
D58+18FA45,D58+,3.66,NY,Shelter,2019,10,J,5NYS,5,20195NYS5
D58+18FA45,D58+,3.33,NY,Shelter,2020,10,J,5NYS,5,20205NYS5
D58+18FA45,D58+,5.74,NY,Shelter,2021,10,J,5NYS,5,20215NYS5
D58+18FA45,D58+,2,NY,Shelter,2023,10,J,5NYS,5,20235NYS5
D58+18FA63,D58+,1.5,NY,Shelter,2019,12,B,6NYS,1,20196NYS1
D58+18FA63,D58+,1.87,NY,Shelter,2020,12,B,6NYS,1,20206NYS1
D58+18FA63,D58+,1.55,NY,Shelter,2021,12,B,6NYS,1,20216NYS1
D58+18FA67,D58+,3.5,NY,Shelter,2019,4,D,2NYS,2,20192NYS2
D58+18FA67,D58+,4.18,NY,Shelter,2020,4,D,2NYS,2,20202NYS2
D58+18FA67,D58+,5.43,NY,Shelter,2021,4,D,2NYS,2,20212NYS2
D58+18FA67,D58+,6,NY,Shelter,2023,4,D,2NYS,2,20232NYS2
D58+18FA73,D58+,4,NY,Shelter,2019,6,F,3NYS,3,20193NYS3
D58+18FA73,D58+,3.58,NY,Shelter,2020,6,F,3NYS,3,20203NYS3
D58+18FA73,D58+,4.54,NY,Shelter,2021,6,F,3NYS,3,20213NYS3
D58+18FA73,D58+,4,NY,Shelter,2023,6,F,3NYS,3,20233NYS3
D58+18FA77,D58+,2.8,NY,Shelter,2019,2,B,1NYS,1,20191NYS1
D58+18FA77,D58+,4.17,NY,Shelter,2020,2,B,1NYS,1,20201NYS1
D58+18FA77,D58+,5.31,NY,Shelter,2021,2,B,1NYS,1,20211NYS1
D58+18MJ217,D58+,2,NY,Shelter,2019,5,F,3NYS,3,20193NYS3
D58+18MJ217,D58+,2.42,NY,Shelter,2020,5,F,3NYS,3,20203NYS3
D58+18MJ217,D58+,3.6,NY,Shelter,2021,5,F,3NYS,3,20213NYS3
D58+18MJ217,D58+,3,NY,Shelter,2023,5,F,3NYS,3,20233NYS3
D58+18MJ277,D58+,4,NY,Shelter,2019,6,E,3NYS,3,20193NYS3
D58+18MJ277,D58+,2.88,NY,Shelter,2020,6,E,3NYS,3,20203NYS3
D58+18MJ277,D58+,4.21,NY,Shelter,2021,6,E,3NYS,3,20213NYS3
D58+18MJ277,D58+,4,NY,Shelter,2023,6,E,3NYS,3,20233NYS3
D58+18MJ311,D58+,1.8,NY,Shelter,2019,12,A,6NYS,1,20196NYS1
D58+18MJ311,D58+,2.8,NY,Shelter,2020,12,A,6NYS,1,20206NYS1
D58+18MJ311,D58+,2.7,NY,Shelter,2021,12,A,6NYS,1,20216NYS1
D58+18MJ311,D58+,6,NY,Shelter,2023,12,A,6NYS,1,20236NYS1
D58+18MJ314,D58+,2.52,NY,Shelter,2019,10,I,5NYS,5,20195NYS5
D58+18MJ314,D58+,2.18,NY,Shelter,2020,10,I,5NYS,5,20205NYS5
D58+18MJ314,D58+,3.18,NY,Shelter,2021,10,I,5NYS,5,20215NYS5
D58+18MJ314,D58+,3,NY,Shelter,2023,10,I,5NYS,5,20235NYS5
D58+18MJ332,D58+,1.5,NY,Shelter,2019,4,C,2NYS,2,20192NYS2
D58+18MJ332,D58+,2.2,NY,Shelter,2020,4,C,2NYS,2,20202NYS2
D58+18MJ332,D58+,2.3,NY,Shelter,2021,4,C,2NYS,2,20212NYS2
D58+18MJ351,D58+,2,NY,Shelter,2019,3,D,2NYS,2,20192NYS2
D58+18MJ351,D58+,2.94,NY,Shelter,2020,3,D,2NYS,2,20202NYS2
D58+18MJ351,D58+,2.96,NY,Shelter,2021,3,D,2NYS,2,20212NYS2
D58+18MJ351,D58+,5,NY,Shelter,2023,3,D,2NYS,2,20232NYS2
D58+18MJ381,D58+,2.6,NY,Shelter,2019,2,A,1NYS,1,20191NYS1
D58+18MJ381,D58+,4.94,NY,Shelter,2020,2,A,1NYS,1,20201NYS1
D58+18MJ381,D58+,8.26,NY,Shelter,2021,2,A,1NYS,1,20211NYS1
D58+18MJ381,D58+,12,NY,Shelter,2023,2,A,1NYS,1,20231NYS1
D58+18MJ407,D58+,1.4,NY,Shelter,2019,1,B,1NYS,1,20191NYS1
D58+18MJ407,D58+,2.69,NY,Shelter,2020,1,B,1NYS,1,20201NYS1
D58+18MJ407,D58+,3.35,NY,Shelter,2021,1,B,1NYS,1,20211NYS1
D58+18MJ407,D58+,4,NY,Shelter,2023,1,B,1NYS,1,20231NYS1
D58+18MJ486,D58+,2,NY,Shelter,2019,11,B,6NYS,1,20196NYS1
D58+18MJ486,D58+,3.32,NY,Shelter,2020,11,B,6NYS,1,20206NYS1
D58+18MJ486,D58+,5.9,NY,Shelter,2021,11,B,6NYS,1,20216NYS1
D58+18MJ486,D58+,7,NY,Shelter,2023,11,B,6NYS,1,20236NYS1
D58+18MJ505,D58+,3.27,NY,Shelter,2019,8,G,4NYS,4,20194NYS4
D58+18MJ505,D58+,3.27,NY,Shelter,2020,8,G,4NYS,4,20204NYS4
D58+18MJ505,D58+,4.11,NY,Shelter,2021,8,G,4NYS,4,20214NYS4
D58+18MJ505,D58+,5,NY,Shelter,2023,8,G,4NYS,4,20234NYS4
D58+18MJ560,D58+,2.26,NY,Shelter,2019,9,J,5NYS,5,20195NYS5
D58+18MJ560,D58+,2.34,NY,Shelter,2020,9,J,5NYS,5,20205NYS5
D58+18MJ560,D58+,4.61,NY,Shelter,2021,9,J,5NYS,5,20215NYS5
D58+18MJ560,D58+,4,NY,Shelter,2023,9,J,5NYS,5,20235NYS5
D58+18MJ561,D58+,3.29,NY,Shelter,2019,7,H,4NYS,4,20194NYS4
D58+18MJ561,D58+,3.26,NY,Shelter,2020,7,H,4NYS,4,20204NYS4
D58+18MJ561,D58+,4.78,NY,Shelter,2021,7,H,4NYS,4,20214NYS4
D58+18MJ561,D58+,4,NY,Shelter,2023,7,H,4NYS,4,20234NYS4
D58-18FA106,NT-,7.21,NY,Open,2019,8,N,4NYO,6,20194NYO6
D58-18FA106,NT-,18.93,NY,Open,2020,8,N,4NYO,6,20204NYO6
D58-18FA106,NT-,29.55,NY,Open,2021,8,N,4NYO,6,20214NYO6
D58-18FA106,NT-,64,NY,Open,2023,8,N,4NYO,6,20234NYO6
D58-18FA116,NT-,7.5,NY,Open,2019,2,D,1NYO,1,20191NYO1
D58-18FA116,NT-,12.39,NY,Open,2020,2,D,1NYO,1,20201NYO1
D58-18FA116,NT-,18.45,NY,Open,2021,2,D,1NYO,1,20211NYO1
D58-18FA116,NT-,39,NY,Open,2023,2,D,1NYO,1,20231NYO1
D58-18FA117,NT-,6.3,NY,Open,2019,12,L,6NYO,5,20196NYO5
D58-18FA117,NT-,15.85,NY,Open,2020,12,L,6NYO,5,20206NYO5
D58-18FA117,NT-,21.27,NY,Open,2021,12,L,6NYO,5,20216NYO5
D58-18FA117,NT-,37,NY,Open,2023,12,L,6NYO,5,20236NYO5
D58-18FA28,NT-,7.5,NY,Open,2019,4,J,2NYO,4,20192NYO4
D58-18FA28,NT-,7.85,NY,Open,2020,4,J,2NYO,4,20202NYO4
D58-18FA28,NT-,19.4,NY,Open,2021,4,J,2NYO,4,20212NYO4
D58-18FA28,NT-,40,NY,Open,2023,4,J,2NYO,4,20232NYO4
D58-18FA302,NT-,2.5,NY,Open,2019,3,I,2NYO,4,20192NYO4
D58-18FA302,NT-,10.53,NY,Open,2020,3,I,2NYO,4,20202NYO4
D58-18FA302,NT-,16.09,NY,Open,2021,3,I,2NYO,4,20212NYO4
D58-18FA302,NT-,15,NY,Open,2023,3,I,2NYO,4,20232NYO4
D58-18FA322,NT-,6.1,NY,Open,2019,7,M,4NYO,6,20194NYO6
D58-18FA322,NT-,17.15,NY,Open,2020,7,M,4NYO,6,20204NYO6
D58-18FA322,NT-,23.03,NY,Open,2021,7,M,4NYO,6,20214NYO6
D58-18FA322,NT-,49,NY,Open,2023,7,M,4NYO,6,20234NYO6
D58-18FA323,NT-,4.5,NY,Open,2019,5,G,3NYO,3,20193NYO3
D58-18FA323,NT-,10.99,NY,Open,2020,5,G,3NYO,3,20203NYO3
D58-18FA323,NT-,16.53,NY,Open,2021,5,G,3NYO,3,20213NYO3
D58-18FA323,NT-,35,NY,Open,2023,5,G,3NYO,3,20233NYO3
D58-18FA327,NT-,4,NY,Open,2019,9,E,5NYO,2,20195NYO2
D58-18FA327,NT-,10.54,NY,Open,2020,9,E,5NYO,2,20205NYO2
D58-18FA327,NT-,19,NY,Open,2021,9,E,5NYO,2,20215NYO2
D58-18FA327,NT-,38,NY,Open,2023,9,E,5NYO,2,20235NYO2
D58-18FA361,NT-,2.13,NY,Open,2019,1,C,1NYO,1,20191NYO1
D58-18FA361,NT-,4.9,NY,Open,2020,1,C,1NYO,1,20201NYO1
D58-18FA361,NT-,7.87,NY,Open,2021,1,C,1NYO,1,20211NYO1
D58-18FA361,NT-,18,NY,Open,2023,1,C,1NYO,1,20231NYO1
D58-18FA415,NT-,3,NY,Open,2019,11,K,6NYO,5,20196NYO5
D58-18FA415,NT-,7.42,NY,Open,2020,11,K,6NYO,5,20206NYO5
D58-18FA415,NT-,10.36,NY,Open,2021,11,K,6NYO,5,20216NYO5
D58-18FA82,NT-,3.6,NY,Open,2019,10,F,5NYO,2,20195NYO2
D58-18FA82,NT-,11.38,NY,Open,2020,10,F,5NYO,2,20205NYO2
D58-18FA82,NT-,20.79,NY,Open,2021,10,F,5NYO,2,20215NYO2
D58-18FA82,NT-,41,NY,Open,2023,10,F,5NYO,2,20235NYO2
D58-18FA98,NT-,6.17,NY,Open,2019,6,H,3NYO,3,20193NYO3
D58-18FA98,NT-,12.83,NY,Open,2020,6,H,3NYO,3,20203NYO3
D58-18FA98,NT-,21.01,NY,Open,2021,6,H,3NYO,3,20213NYO3
D58-18FA98,NT-,48,NY,Open,2023,6,H,3NYO,3,20233NYO3
D58-18MJ215,NT-,4.83,NY,Open,2019,6,G,3NYO,3,20193NYO3
D58-18MJ215,NT-,10.76,NY,Open,2020,6,G,3NYO,3,20203NYO3
D58-18MJ215,NT-,17.85,NY,Open,2021,6,G,3NYO,3,20213NYO3
D58-18MJ215,NT-,21,NY,Open,2023,6,G,3NYO,3,20233NYO3
D58-18MJ252,NT-,5,NY,Open,2019,4,I,2NYO,4,20192NYO4
D58-18MJ252,NT-,10.65,NY,Open,2020,4,I,2NYO,4,20202NYO4
D58-18MJ252,NT-,15.03,NY,Open,2021,4,I,2NYO,4,20212NYO4
D58-18MJ252,NT-,21,NY,Open,2023,4,I,2NYO,4,20232NYO4
D58-18MJ267,NT-,5.5,NY,Open,2019,5,H,3NYO,3,20193NYO3
D58-18MJ267,NT-,12.05,NY,Open,2020,5,H,3NYO,3,20203NYO3
D58-18MJ267,NT-,17.67,NY,Open,2021,5,H,3NYO,3,20213NYO3
D58-18MJ267,NT-,32,NY,Open,2023,5,H,3NYO,3,20233NYO3
D58-18MJ299,NT-,2.78,NY,Open,2019,8,M,4NYO,6,20194NYO6
D58-18MJ299,NT-,7.85,NY,Open,2020,8,M,4NYO,6,20204NYO6
D58-18MJ299,NT-,18.68,NY,Open,2021,8,M,4NYO,6,20214NYO6
D58-18MJ299,NT-,41,NY,Open,2023,8,M,4NYO,6,20234NYO6
D58-18MJ306,NT-,2.1,NY,Open,2019,10,E,5NYO,2,20195NYO2
D58-18MJ306,NT-,9.13,NY,Open,2020,10,E,5NYO,2,20205NYO2
D58-18MJ306,NT-,22.62,NY,Open,2021,10,E,5NYO,2,20215NYO2
D58-18MJ306,NT-,45,NY,Open,2023,10,E,5NYO,2,20235NYO2
D58-18MJ377,NT-,5,NY,Open,2019,2,C,1NYO,1,20191NYO1
D58-18MJ377,NT-,10.85,NY,Open,2020,2,C,1NYO,1,20201NYO1
D58-18MJ377,NT-,19.52,NY,Open,2021,2,C,1NYO,1,20211NYO1
D58-18MJ377,NT-,45,NY,Open,2023,2,C,1NYO,1,20231NYO1
D58-18MJ432,NT-,2.9,NY,Open,2019,9,F,5NYO,2,20195NYO2
D58-18MJ432,NT-,8.74,NY,Open,2020,9,F,5NYO,2,20205NYO2
D58-18MJ432,NT-,12.18,NY,Open,2021,9,F,5NYO,2,20215NYO2
D58-18MJ432,NT-,22,NY,Open,2023,9,F,5NYO,2,20235NYO2
D58-18MJ499,NT-,2.5,NY,Open,2019,3,J,2NYO,4,20192NYO4
D58-18MJ499,NT-,10.47,NY,Open,2020,3,J,2NYO,4,20202NYO4
D58-18MJ499,NT-,19.65,NY,Open,2021,3,J,2NYO,4,20212NYO4
D58-18MJ499,NT-,42,NY,Open,2023,3,J,2NYO,4,20232NYO4
D58-18MJ503,NT-,3.4,NY,Open,2019,11,L,6NYO,5,20196NYO5
D58-18MJ503,NT-,11.39,NY,Open,2020,11,L,6NYO,5,20206NYO5
D58-18MJ503,NT-,30.86,NY,Open,2021,11,L,6NYO,5,20216NYO5
D58-18MJ503,NT-,18,NY,Open,2023,11,L,6NYO,5,20236NYO5
D58-18MJ524,NT-,4.94,NY,Open,2019,7,N,4NYO,6,20194NYO6
D58-18MJ524,NT-,10.48,NY,Open,2020,7,N,4NYO,6,20204NYO6
D58-18MJ524,NT-,20,NY,Open,2021,7,N,4NYO,6,20214NYO6
D58-18MJ524,NT-,37,NY,Open,2023,7,N,4NYO,6,20234NYO6
D58-18MJ547,NT-,2.3,NY,Open,2019,1,D,1NYO,1,20191NYO1
D58-18MJ547,NT-,8.78,NY,Open,2020,1,D,1NYO,1,20201NYO1
D58-18MJ547,NT-,17.15,NY,Open,2021,1,D,1NYO,1,20211NYO1
D58-18MJ547,NT-,30,NY,Open,2023,1,D,1NYO,1,20231NYO1
D58-18MJ627,NT-,1.7,NY,Open,2019,12,K,6NYO,5,20196NYO5
D58-18MJ627,NT-,9.35,NY,Open,2020,12,K,6NYO,5,20206NYO5
D58-18MJ627,NT-,20.42,NY,Open,2021,12,K,6NYO,5,20216NYO5
D58-18MJ627,NT-,28,NY,Open,2023,12,K,6NYO,5,20236NYO5
D58-18FA2,NT-,3.02,NY,Shelter,2019,12,H,6NYS,4,20196NYS4
D58-18FA2,NT-,3.66,NY,Shelter,2020,12,H,6NYS,4,20206NYS4
D58-18FA2,NT-,8.71,NY,Shelter,2021,12,H,6NYS,4,20216NYS4
D58-18FA2,NT-,9,NY,Shelter,2023,12,H,6NYS,4,20236NYS4
D58-18FA232,NT-,2.6,NY,Shelter,2019,1,C,1NYS,2,20191NYS2
D58-18FA232,NT-,3.87,NY,Shelter,2020,1,C,1NYS,2,20201NYS2
D58-18FA232,NT-,4.9,NY,Shelter,2021,1,C,1NYS,2,20211NYS2
D58-18FA232,NT-,6,NY,Shelter,2023,1,C,1NYS,2,20231NYS2
D58-18FA269,NT-,4.62,NY,Shelter,2019,7,I,4NYS,5,20194NYS5
D58-18FA269,NT-,3.06,NY,Shelter,2020,7,I,4NYS,5,20204NYS5
D58-18FA269,NT-,4.2,NY,Shelter,2021,7,I,4NYS,5,20214NYS5
D58-18FA269,NT-,4,NY,Shelter,2023,7,I,4NYS,5,20234NYS5
D58-18FA295,NT-,3.48,NY,Shelter,2019,3,I,2NYS,5,20192NYS5
D58-18FA295,NT-,3.69,NY,Shelter,2020,3,I,2NYS,5,20202NYS5
D58-18FA295,NT-,5.94,NY,Shelter,2021,3,I,2NYS,5,20212NYS5
D58-18FA295,NT-,9,NY,Shelter,2023,3,I,2NYS,5,20232NYS5
D58-18FA393,NT-,2.24,NY,Shelter,2019,5,G,3NYS,4,20193NYS4
D58-18FA393,NT-,2.81,NY,Shelter,2020,5,G,3NYS,4,20203NYS4
D58-18FA393,NT-,3.96,NY,Shelter,2021,5,G,3NYS,4,20213NYS4
D58-18FA393,NT-,3,NY,Shelter,2023,5,G,3NYS,4,20233NYS4
D58-18FA414,NT-,4.91,NY,Shelter,2019,11,G,6NYS,4,20196NYS4
D58-18FA414,NT-,3.15,NY,Shelter,2020,11,G,6NYS,4,20206NYS4
D58-18FA414,NT-,5.56,NY,Shelter,2021,11,G,6NYS,4,20216NYS4
D58-18FA414,NT-,7,NY,Shelter,2023,11,G,6NYS,4,20236NYS4
D58-18FA430,NT-,2.9,NY,Shelter,2019,9,C,5NYS,2,20195NYS2
D58-18FA430,NT-,2.83,NY,Shelter,2020,9,C,5NYS,2,20205NYS2
D58-18FA430,NT-,5.85,NY,Shelter,2021,9,C,5NYS,2,20215NYS2
D58-18FA430,NT-,6,NY,Shelter,2023,9,C,5NYS,2,20235NYS2
D58-18FA49,NT-,3.9,NY,Shelter,2019,4,J,2NYS,5,20192NYS5
D58-18FA49,NT-,3.73,NY,Shelter,2020,4,J,2NYS,5,20202NYS5
D58-18FA49,NT-,4.72,NY,Shelter,2021,4,J,2NYS,5,20212NYS5
D58-18FA49,NT-,6,NY,Shelter,2023,4,J,2NYS,5,20232NYS5
D58-18FA56,NT-,3,NY,Shelter,2019,10,D,5NYS,2,20195NYS2
D58-18FA56,NT-,3.65,NY,Shelter,2020,10,D,5NYS,2,20205NYS2
D58-18FA56,NT-,6.53,NY,Shelter,2021,10,D,5NYS,2,20215NYS2
D58-18FA56,NT-,9,NY,Shelter,2023,10,D,5NYS,2,20235NYS2
D58-18FA58,NT-,3.5,NY,Shelter,2019,8,J,4NYS,5,20194NYS5
D58-18FA58,NT-,3.78,NY,Shelter,2020,8,J,4NYS,5,20204NYS5
D58-18FA58,NT-,6.48,NY,Shelter,2021,8,J,4NYS,5,20214NYS5
D58-18FA58,NT-,5,NY,Shelter,2023,8,J,4NYS,5,20234NYS5
D58-18FA72,NT-,4.71,NY,Shelter,2019,6,H,3NYS,4,20193NYS4
D58-18FA72,NT-,4.3,NY,Shelter,2020,6,H,3NYS,4,20203NYS4
D58-18FA72,NT-,6.13,NY,Shelter,2021,6,H,3NYS,4,20213NYS4
D58-18FA72,NT-,6,NY,Shelter,2023,6,H,3NYS,4,20233NYS4
D58-18FA97,NT-,3,NY,Shelter,2019,2,D,1NYS,2,20191NYS2
D58-18FA97,NT-,4.1,NY,Shelter,2020,2,D,1NYS,2,20201NYS2
D58-18FA97,NT-,5.22,NY,Shelter,2021,2,D,1NYS,2,20211NYS2
D58-18FA97,NT-,6,NY,Shelter,2023,2,D,1NYS,2,20231NYS2
D58-18MJ257,NT-,2.3,NY,Shelter,2019,10,C,5NYS,2,20195NYS2
D58-18MJ257,NT-,4.15,NY,Shelter,2020,10,C,5NYS,2,20205NYS2
D58-18MJ257,NT-,7.54,NY,Shelter,2021,10,C,5NYS,2,20215NYS2
D58-18MJ257,NT-,10,NY,Shelter,2023,10,C,5NYS,2,20235NYS2
D58-18MJ302,NT-,2,NY,Shelter,2019,1,D,1NYS,2,20191NYS2
D58-18MJ302,NT-,2.49,NY,Shelter,2020,1,D,1NYS,2,20201NYS2
D58-18MJ302,NT-,4.06,NY,Shelter,2021,1,D,1NYS,2,20211NYS2
D58-18MJ302,NT-,4,NY,Shelter,2023,1,D,1NYS,2,20231NYS2
D58-18MJ364,NT-,2.83,NY,Shelter,2019,8,I,4NYS,5,20194NYS5
D58-18MJ364,NT-,2.4,NY,Shelter,2020,8,I,4NYS,5,20204NYS5
D58-18MJ364,NT-,3.22,NY,Shelter,2021,8,I,4NYS,5,20214NYS5
D58-18MJ364,NT-,4,NY,Shelter,2023,8,I,4NYS,5,20234NYS5
D58-18MJ375,NT-,3,NY,Shelter,2019,9,D,5NYS,2,20195NYS2
D58-18MJ375,NT-,3.5,NY,Shelter,2020,9,D,5NYS,2,20205NYS2
D58-18MJ375,NT-,6.79,NY,Shelter,2021,9,D,5NYS,2,20215NYS2
D58-18MJ375,NT-,9,NY,Shelter,2023,9,D,5NYS,2,20235NYS2
D58-18MJ389,NT-,3.2,NY,Shelter,2019,7,J,4NYS,5,20194NYS5
D58-18MJ389,NT-,3.18,NY,Shelter,2020,7,J,4NYS,5,20204NYS5
D58-18MJ389,NT-,5.05,NY,Shelter,2021,7,J,4NYS,5,20214NYS5
D58-18MJ389,NT-,5,NY,Shelter,2023,7,J,4NYS,5,20234NYS5
D58-18MJ439,NT-,2.7,NY,Shelter,2019,2,C,1NYS,2,20191NYS2
D58-18MJ439,NT-,4.22,NY,Shelter,2020,2,C,1NYS,2,20201NYS2
D58-18MJ439,NT-,7.39,NY,Shelter,2021,2,C,1NYS,2,20211NYS2
D58-18MJ439,NT-,12,NY,Shelter,2023,2,C,1NYS,2,20231NYS2
D58-18MJ443,NT-,1.67,NY,Shelter,2019,6,G,3NYS,4,20193NYS4
D58-18MJ443,NT-,2.08,NY,Shelter,2020,6,G,3NYS,4,20203NYS4
D58-18MJ443,NT-,4.77,NY,Shelter,2021,6,G,3NYS,4,20213NYS4
D58-18MJ443,NT-,4,NY,Shelter,2023,6,G,3NYS,4,20233NYS4
D58-18MJ468,NT-,2.4,NY,Shelter,2019,12,G,6NYS,4,20196NYS4
D58-18MJ468,NT-,3.2,NY,Shelter,2020,12,G,6NYS,4,20206NYS4
D58-18MJ468,NT-,5.09,NY,Shelter,2021,12,G,6NYS,4,20216NYS4
D58-18MJ468,NT-,5,NY,Shelter,2023,12,G,6NYS,4,20236NYS4
D58-18MJ507,NT-,2.1,NY,Shelter,2019,3,J,2NYS,5,20192NYS5
D58-18MJ507,NT-,3.24,NY,Shelter,2020,3,J,2NYS,5,20202NYS5
D58-18MJ507,NT-,5.05,NY,Shelter,2021,3,J,2NYS,5,20212NYS5
D58-18MJ507,NT-,5,NY,Shelter,2023,3,J,2NYS,5,20232NYS5
D58-18MJ512,NT-,4.75,NY,Shelter,2019,11,H,6NYS,4,20196NYS4
D58-18MJ512,NT-,3.72,NY,Shelter,2020,11,H,6NYS,4,20206NYS4
D58-18MJ512,NT-,8.29,NY,Shelter,2021,11,H,6NYS,4,20216NYS4
D58-18MJ512,NT-,7,NY,Shelter,2023,11,H,6NYS,4,20236NYS4
D58-18MJ519,NT-,4.9,NY,Shelter,2019,5,H,3NYS,4,20193NYS4
D58-18MJ519,NT-,3.41,NY,Shelter,2020,5,H,3NYS,4,20203NYS4
D58-18MJ519,NT-,2.52,NY,Shelter,2021,5,H,3NYS,4,20213NYS4
D58-18MJ519,NT-,6,NY,Shelter,2023,5,H,3NYS,4,20233NYS4
D58-18MJ520,NT-,3.73,NY,Shelter,2019,4,I,2NYS,5,20192NYS5
D58-18MJ520,NT-,3.36,NY,Shelter,2020,4,I,2NYS,5,20202NYS5
D58-18MJ520,NT-,6.24,NY,Shelter,2021,4,I,2NYS,5,20212NYS5
D58-18MJ520,NT-,6,NY,Shelter,2023,4,I,2NYS,5,20232NYS5
PA-BRAG-OP-03-39replant,B3,4.4,PA,Open,2020,3,7,3PAO,1,20203PAO1
PA-BRAG-OP-03-39replant,B3,7.2,PA,Open,2021,3,7,3PAO,1,20213PAO1
PA-BRAG-OP-03-39replant,B3,14.1,PA,Open,2023,3,7,3PAO,1,20233PAO1
PA-BRAG-OP-03-40,B3,4.6,PA,Open,2019,3,8,3PAO,1,20193PAO1
PA-BRAG-OP-03-40,B3,8.1,PA,Open,2020,3,8,3PAO,1,20203PAO1
PA-BRAG-OP-03-40,B3,24.2,PA,Open,2021,3,8,3PAO,1,20213PAO1
PA-BRAG-OP-03-40,B3,20.3,PA,Open,2023,3,8,3PAO,1,20233PAO1
PA-BRAG-OP-04-56,B3,5,PA,Open,2020,4,8,3PAO,1,20203PAO1
PA-BRAG-OP-04-56,B3,7,PA,Open,2021,4,8,3PAO,1,20213PAO1
PA-BRAG-OP-05-73replant,B3,3.5,PA,Open,2020,5,9,4PAO,2,20204PAO2
PA-BRAG-OP-05-73replant,B3,5.4,PA,Open,2021,5,9,4PAO,2,20214PAO2
PA-BRAG-OP-05-74,B3,3.3,PA,Open,2020,5,10,4PAO,2,20204PAO2
PA-BRAG-OP-05-74,B3,4.6,PA,Open,2021,5,10,4PAO,2,20214PAO2
PA-BRAG-OP-06-89,B3,6.2,PA,Open,2019,6,9,4PAO,2,20194PAO2
PA-BRAG-OP-06-89,B3,8.1,PA,Open,2020,6,9,4PAO,2,20204PAO2
PA-BRAG-OP-06-89,B3,11.7,PA,Open,2021,6,9,4PAO,2,20214PAO2
PA-BRAG-OP-06-89,B3,16.2,PA,Open,2023,6,9,4PAO,2,20234PAO2
PA-BRAG-OP-06-90,B3,4.1,PA,Open,2020,6,10,4PAO,2,20204PAO2
PA-BRAG-OP-06-90,B3,4.1,PA,Open,2021,6,10,4PAO,2,20214PAO2
PA-BRAG-OP-07-111,B3,4.7,PA,Open,2019,7,12,5PAO,3,20195PAO3
PA-BRAG-OP-07-111,B3,5,PA,Open,2020,7,12,5PAO,3,20205PAO3
PA-BRAG-OP-07-111,B3,9.4,PA,Open,2021,7,12,5PAO,3,20215PAO3
PA-BRAG-OP-08-123,B3,5.6,PA,Open,2019,8,11,5PAO,3,20195PAO3
PA-BRAG-OP-08-123,B3,9,PA,Open,2020,8,11,5PAO,3,20205PAO3
PA-BRAG-OP-08-123,B3,11.5,PA,Open,2021,8,11,5PAO,3,20215PAO3
PA-BRAG-OP-08-123,B3,5.8,PA,Open,2023,8,11,5PAO,3,20235PAO3
PA-BRAG-OP-08-124,B3,5.9,PA,Open,2019,8,12,5PAO,3,20195PAO3
PA-BRAG-OP-08-124,B3,9.4,PA,Open,2020,8,12,5PAO,3,20205PAO3
PA-BRAG-OP-08-124,B3,12.3,PA,Open,2021,8,12,5PAO,3,20215PAO3
PA-BRAG-OP-08-124,B3,13.8,PA,Open,2023,8,12,5PAO,3,20235PAO3
PA-BRAG-OP-09-131,B3,5.1,PA,Open,2019,9,3,1PAO,4,20191PAO4
PA-BRAG-OP-09-131,B3,5.9,PA,Open,2020,9,3,1PAO,4,20201PAO4
PA-BRAG-OP-09-131,B3,7.4,PA,Open,2021,9,3,1PAO,4,20211PAO4
PA-BRAG-OP-09-132,B3,6.1,PA,Open,2019,9,4,1PAO,4,20191PAO4
PA-BRAG-OP-09-132,B3,9.2,PA,Open,2020,9,4,1PAO,4,20201PAO4
PA-BRAG-OP-09-132,B3,10.8,PA,Open,2021,9,4,1PAO,4,20211PAO4
PA-BRAG-OP-10-147,B3,2.2,PA,Open,2020,10,3,1PAO,4,20201PAO4
PA-BRAG-OP-11-165,B3,3.7,PA,Open,2020,11,5,2PAO,5,20202PAO5
PA-BRAG-OP-11-166,B3,2.6,PA,Open,2020,11,6,2PAO,5,20202PAO5
PA-BRAG-OP-11-166,B3,2.4,PA,Open,2021,11,6,2PAO,5,20212PAO5
PA-BRAG-OP-12-181,B3,5.6,PA,Open,2019,12,5,2PAO,5,20192PAO5
PA-BRAG-OP-12-181,B3,5.9,PA,Open,2020,12,5,2PAO,5,20202PAO5
PA-BRAG-OP-12-181,B3,14.1,PA,Open,2021,12,5,2PAO,5,20212PAO5
PA-BRAG-OP-12-182,B3,2.8,PA,Open,2019,12,6,2PAO,5,20192PAO5
PA-BRAG-OP-12-182,B3,3.6,PA,Open,2020,12,6,2PAO,5,20202PAO5
PA-BRAG-OP-12-182,B3,10.9,PA,Open,2023,12,6,2PAO,5,20232PAO5
PA-BRAG-OP-13-205,B3,9.1,PA,Open,2019,13,13,6PAO,6,20196PAO6
PA-BRAG-OP-13-205,B3,7.1,PA,Open,2020,13,13,6PAO,6,20206PAO6
PA-BRAG-OP-13-205,B3,10.5,PA,Open,2021,13,13,6PAO,6,20216PAO6
PA-BRAG-OP-13-205,B3,29.4,PA,Open,2023,13,13,6PAO,6,20236PAO6
PA-BRAG-OP-13-206,B3,5.5,PA,Open,2019,13,14,6PAO,6,20196PAO6
PA-BRAG-OP-13-206,B3,5.2,PA,Open,2020,13,14,6PAO,6,20206PAO6
PA-BRAG-OP-13-206,B3,6.9,PA,Open,2021,13,14,6PAO,6,20216PAO6
PA-BRAG-OP-14-221,B3,2.6,PA,Open,2019,14,13,6PAO,6,20196PAO6
PA-BRAG-OP-14-221,B3,2.9,PA,Open,2020,14,13,6PAO,6,20206PAO6
PA-BRAG-OP-14-221,B3,10.9,PA,Open,2021,14,13,6PAO,6,20216PAO6
PA-BRAG-OP-14-221,B3,9.3,PA,Open,2023,14,13,6PAO,6,20236PAO6
PA-BRAG-OP-14-222,B3,7.1,PA,Open,2019,14,14,6PAO,6,20196PAO6
PA-BRAG-OP-14-222,B3,10.1,PA,Open,2020,14,14,6PAO,6,20206PAO6
PA-BRAG-OP-14-222,B3,15.3,PA,Open,2021,14,14,6PAO,6,20216PAO6
PA-BRAG-OP-14-222,B3,34,PA,Open,2023,14,14,6PAO,6,20236PAO6
PA-BRAG-SW-01-05,B3,7.9,PA,Shelter,2020,1,H,4PAS,1,20204PAS1
PA-BRAG-SW-01-05,B3,7.1,PA,Shelter,2021,1,H,4PAS,1,20214PAS1
PA-BRAG-SW-01-05,B3,9.3,PA,Shelter,2023,1,H,4PAS,1,20234PAS1
PA-BRAG-SW-07-73,B3,8.1,PA,Shelter,2020,7,L,6PAS,4,20206PAS4
PA-BRAG-SW-07-73,B3,7.6,PA,Shelter,2021,7,L,6PAS,4,20216PAS4
PA-BRAG-SW-07-74replant,B3,4.3,PA,Shelter,2020,7,K,6PAS,4,20206PAS4
PA-BRAG-SW-07-74replant,B3,5.8,PA,Shelter,2021,7,K,6PAS,4,20216PAS4
PA-BRAG-SW-07-74replant,B3,6.2,PA,Shelter,2023,7,K,6PAS,4,20236PAS4
PA-BRAG-SW-10-111,B3,4.3,PA,Shelter,2021,10,J,5PAS,5,20215PAS5
PA-BRAG-SW-10-112,B3,5.8,PA,Shelter,2020,10,I,5PAS,5,20205PAS5
PA-BRAG-SW-10-112,B3,4.9,PA,Shelter,2021,10,I,5PAS,5,20215PAS5
PA-BRAG-SW-10-112,B3,5,PA,Shelter,2023,10,I,5PAS,5,20235PAS5
PA-BRAG-SW-11-131,B3,2,PA,Shelter,2020,11,B,1PAS,6,20201PAS6
PA-BRAG-SW-11-132,B3,3.1,PA,Shelter,2020,11,A,1PAS,6,20201PAS6
PA-BRAG-SW-11-132,B3,2.7,PA,Shelter,2021,11,A,1PAS,6,20211PAS6
PA-BRAG-SW-12-143,B3,5.7,PA,Shelter,2020,12,B,1PAS,6,20201PAS6
PA-BRAG-SW-12-143,B3,7.7,PA,Shelter,2021,12,B,1PAS,6,20211PAS6
PA-BRAG-SW-12-143,B3,8.2,PA,Shelter,2023,12,B,1PAS,6,20231PAS6
PA-BRAG-SW-12-144,B3,6.2,PA,Shelter,2020,12,A,1PAS,6,20201PAS6
PA-BRAG-SW-12-144,B3,5.6,PA,Shelter,2021,12,A,1PAS,6,20211PAS6
PA-BRAG-SW-12-144,B3,5.1,PA,Shelter,2023,12,A,1PAS,6,20231PAS6
PA-BRAG-OP-03-43,D58+,5.1,PA,Open,2019,3,11,5PAO,1,20195PAO1
PA-BRAG-OP-03-44,D58+,3.8,PA,Open,2019,3,12,5PAO,1,20195PAO1
PA-BRAG-OP-03-44,D58+,8.1,PA,Open,2020,3,12,5PAO,1,20205PAO1
PA-BRAG-OP-04-59,D58+,5.7,PA,Open,2019,4,11,5PAO,1,20195PAO1
PA-BRAG-OP-04-59,D58+,8,PA,Open,2020,4,11,5PAO,1,20205PAO1
PA-BRAG-OP-04-60,D58+,4.7,PA,Open,2019,4,12,5PAO,1,20195PAO1
PA-BRAG-OP-05-77,D58+,4,PA,Open,2019,5,13,6PAO,2,20196PAO2
PA-BRAG-OP-05-77,D58+,5.6,PA,Open,2020,5,13,6PAO,2,20206PAO2
PA-BRAG-OP-05-77,D58+,3.5,PA,Open,2021,5,13,6PAO,2,20216PAO2
PA-BRAG-OP-05-78,D58+,4.6,PA,Open,2019,5,14,6PAO,2,20196PAO2
PA-BRAG-OP-06-93,D58+,3,PA,Open,2019,6,13,6PAO,2,20196PAO2
PA-BRAG-OP-06-93,D58+,4.3,PA,Open,2020,6,13,6PAO,2,20206PAO2
PA-BRAG-OP-06-93,D58+,6.2,PA,Open,2021,6,13,6PAO,2,20216PAO2
PA-BRAG-OP-06-94,D58+,7,PA,Open,2019,6,14,6PAO,2,20196PAO2
PA-BRAG-OP-07-108,D58+,7.2,PA,Open,2019,7,9,4PAO,3,20194PAO3
PA-BRAG-OP-07-108,D58+,7.4,PA,Open,2020,7,9,4PAO,3,20204PAO3
PA-BRAG-OP-07-108,D58+,6.1,PA,Open,2021,7,9,4PAO,3,20214PAO3
PA-BRAG-OP-08-115,D58+,5.1,PA,Open,2019,8,3,1PAO,3,20191PAO3
PA-BRAG-OP-08-115,D58+,7.8,PA,Open,2020,8,3,1PAO,3,20201PAO3
PA-BRAG-OP-08-115,D58+,7.7,PA,Open,2021,8,3,1PAO,3,20211PAO3
PA-BRAG-OP-08-116,D58+,5.1,PA,Open,2019,8,4,1PAO,3,20191PAO3
PA-BRAG-OP-08-116,D58+,3.1,PA,Open,2020,8,4,1PAO,3,20201PAO3
PA-BRAG-OP-08-116,D58+,7.8,PA,Open,2021,8,4,1PAO,3,20211PAO3
PA-BRAG-OP-09-137,D58+,6.6,PA,Open,2019,9,9,4PAO,4,20194PAO4
PA-BRAG-OP-09-137,D58+,4.3,PA,Open,2020,9,9,4PAO,4,20204PAO4
PA-BRAG-OP-09-137,D58+,9.8,PA,Open,2021,9,9,4PAO,4,20214PAO4
PA-BRAG-OP-09-138,D58+,3.8,PA,Open,2019,9,10,4PAO,4,20194PAO4
PA-BRAG-OP-10-153,D58+,4.3,PA,Open,2019,10,9,4PAO,4,20194PAO4
PA-BRAG-OP-10-153,D58+,6.1,PA,Open,2020,10,9,4PAO,4,20204PAO4
PA-BRAG-OP-10-154,D58+,4.3,PA,Open,2019,10,10,4PAO,4,20194PAO4
PA-BRAG-OP-10-154,D58+,5.7,PA,Open,2020,10,10,4PAO,4,20204PAO4
PA-BRAG-OP-11-167,D58+,4.4,PA,Open,2019,11,7,3PAO,5,20193PAO5
PA-BRAG-OP-11-167,D58+,4,PA,Open,2020,11,7,3PAO,5,20203PAO5
PA-BRAG-OP-11-168,D58+,6.1,PA,Open,2019,11,8,3PAO,5,20193PAO5
PA-BRAG-OP-11-168,D58+,7,PA,Open,2020,11,8,3PAO,5,20203PAO5
PA-BRAG-OP-12-183,D58+,6.5,PA,Open,2019,12,7,3PAO,5,20193PAO5
PA-BRAG-OP-12-183,D58+,2.5,PA,Open,2020,12,7,3PAO,5,20203PAO5
PA-BRAG-OP-12-183,D58+,6.1,PA,Open,2021,12,7,3PAO,5,20213PAO5
PA-BRAG-OP-12-184,D58+,4.1,PA,Open,2019,12,8,3PAO,5,20193PAO5
PA-BRAG-OP-12-184,D58+,4.8,PA,Open,2020,12,8,3PAO,5,20203PAO5
PA-BRAG-OP-13-197,D58+,6.3,PA,Open,2019,13,5,2PAO,6,20192PAO6
PA-BRAG-OP-13-197,D58+,10.6,PA,Open,2020,13,5,2PAO,6,20202PAO6
PA-BRAG-OP-13-197,D58+,8.6,PA,Open,2021,13,5,2PAO,6,20212PAO6
PA-BRAG-OP-13-198,D58+,5.3,PA,Open,2019,13,6,2PAO,6,20192PAO6
PA-BRAG-OP-13-198,D58+,5.8,PA,Open,2020,13,6,2PAO,6,20202PAO6
PA-BRAG-OP-13-198,D58+,10,PA,Open,2021,13,6,2PAO,6,20212PAO6
PA-BRAG-OP-14-213,D58+,4.9,PA,Open,2019,14,5,2PAO,6,20192PAO6
PA-BRAG-OP-14-213,D58+,5.4,PA,Open,2020,14,5,2PAO,6,20202PAO6
PA-BRAG-OP-14-213,D58+,8,PA,Open,2021,14,5,2PAO,6,20212PAO6
PA-BRAG-OP-14-213,D58+,19.8,PA,Open,2023,14,5,2PAO,6,20232PAO6
PA-BRAG-OP-14-214,D58+,3.9,PA,Open,2019,14,6,2PAO,6,20192PAO6
PA-BRAG-OP-14-214,D58+,6.6,PA,Open,2020,14,6,2PAO,6,20202PAO6
PA-BRAG-OP-14-214,D58+,16.2,PA,Open,2021,14,6,2PAO,6,20212PAO6
PA-BRAG-SW-02-22,D58+,7.2,PA,Shelter,2020,2,C,2PAS,1,20202PAS1
PA-BRAG-SW-02-22,D58+,6.5,PA,Shelter,2021,2,C,2PAS,1,20212PAS1
PA-BRAG-SW-03-36,D58+,8.1,PA,Shelter,2020,3,A,1PAS,2,20201PAS2
PA-BRAG-SW-03-36,D58+,3.8,PA,Shelter,2021,3,A,1PAS,2,20211PAS2
PA-BRAG-SW-04-47,D58+,10.3,PA,Shelter,2020,4,B,1PAS,2,20201PAS2
PA-BRAG-SW-04-48,D58+,10.5,PA,Shelter,2020,4,A,1PAS,2,20201PAS2
PA-BRAG-SW-04-48,D58+,5.7,PA,Shelter,2021,4,A,1PAS,2,20211PAS2
PA-BRAG-SW-05-49,D58+,6.5,PA,Shelter,2020,5,L,6PAS,3,20206PAS3
PA-BRAG-SW-05-50,D58+,6,PA,Shelter,2020,5,K,6PAS,3,20206PAS3
PA-BRAG-SW-05-50,D58+,4.1,PA,Shelter,2021,5,K,6PAS,3,20216PAS3
PA-BRAG-SW-05-50,D58+,4.9,PA,Shelter,2023,5,K,6PAS,3,20236PAS3
PA-BRAG-SW-06-61,D58+,8.5,PA,Shelter,2020,6,L,6PAS,3,20206PAS3
PA-BRAG-SW-06-61,D58+,9.4,PA,Shelter,2021,6,L,6PAS,3,20216PAS3
PA-BRAG-SW-06-61,D58+,12.2,PA,Shelter,2023,6,L,6PAS,3,20236PAS3
PA-BRAG-SW-06-62,D58+,9.4,PA,Shelter,2020,6,K,6PAS,3,20206PAS3
PA-BRAG-SW-06-62,D58+,5.4,PA,Shelter,2021,6,K,6PAS,3,20216PAS3
PA-BRAG-SW-06-62,D58+,4.7,PA,Shelter,2023,6,K,6PAS,3,20236PAS3
PA-BRAG-SW-07-79,D58+,4.6,PA,Shelter,2020,7,F,3PAS,4,20203PAS4
PA-BRAG-SW-07-80,D58+,8,PA,Shelter,2020,7,E,3PAS,4,20203PAS4
PA-BRAG-SW-08-91,D58+,7.8,PA,Shelter,2020,8,F,3PAS,4,20203PAS4
PA-BRAG-SW-08-91,D58+,6.9,PA,Shelter,2021,8,F,3PAS,4,20213PAS4
PA-BRAG-SW-08-91,D58+,7,PA,Shelter,2023,8,F,3PAS,4,20233PAS4
PA-BRAG-SW-08-92,D58+,9.8,PA,Shelter,2020,8,E,3PAS,4,20203PAS4
PA-BRAG-SW-08-92,D58+,6,PA,Shelter,2021,8,E,3PAS,4,20213PAS4
PA-BRAG-SW-09-101,D58+,7.2,PA,Shelter,2020,9,H,4PAS,5,20204PAS5
PA-BRAG-SW-09-101,D58+,5.8,PA,Shelter,2021,9,H,4PAS,5,20214PAS5
PA-BRAG-SW-09-102,D58+,7,PA,Shelter,2020,9,G,4PAS,5,20204PAS5
PA-BRAG-SW-09-102,D58+,6.4,PA,Shelter,2021,9,G,4PAS,5,20214PAS5
PA-BRAG-SW-09-102,D58+,6.5,PA,Shelter,2023,9,G,4PAS,5,20234PAS5
PA-BRAG-SW-10-113,D58+,6.1,PA,Shelter,2020,10,H,4PAS,5,20204PAS5
PA-BRAG-SW-10-113,D58+,5.7,PA,Shelter,2021,10,H,4PAS,5,20214PAS5
PA-BRAG-SW-10-114,D58+,4.8,PA,Shelter,2020,10,G,4PAS,5,20204PAS5
PA-BRAG-SW-10-114,D58+,4.2,PA,Shelter,2021,10,G,4PAS,5,20214PAS5
PA-BRAG-SW-10-114,D58+,25.4,PA,Shelter,2023,10,G,4PAS,5,20234PAS5
PA-BRAG-SW-11-123,D58+,9,PA,Shelter,2020,11,J,5PAS,6,20205PAS6
PA-BRAG-SW-11-123,D58+,8.6,PA,Shelter,2021,11,J,5PAS,6,20215PAS6
PA-BRAG-SW-11-124,D58+,5.3,PA,Shelter,2020,11,I,5PAS,6,20205PAS6
PA-BRAG-SW-11-124,D58+,6,PA,Shelter,2021,11,I,5PAS,6,20215PAS6
PA-BRAG-SW-12-135,D58+,7.1,PA,Shelter,2020,12,J,5PAS,6,20205PAS6
PA-BRAG-SW-12-135,D58+,7,PA,Shelter,2021,12,J,5PAS,6,20215PAS6
PA-BRAG-SW-12-135,D58+,3.4,PA,Shelter,2023,12,J,5PAS,6,20235PAS6
PA-BRAG-SW-12-136,D58+,9.5,PA,Shelter,2020,12,I,5PAS,6,20205PAS6
PA-BRAG-SW-12-136,D58+,2.2,PA,Shelter,2021,12,I,5PAS,6,20215PAS6
PA-BRAG-OP-03-45,NT-,6,PA,Open,2019,3,13,6PAO,1,20196PAO1
PA-BRAG-OP-03-46,NT-,5.6,PA,Open,2019,3,14,6PAO,1,20196PAO1
PA-BRAG-OP-04-61,NT-,4.2,PA,Open,2019,4,13,6PAO,1,20196PAO1
PA-BRAG-OP-04-61,NT-,8,PA,Open,2020,4,13,6PAO,1,20206PAO1
PA-BRAG-OP-04-61,NT-,14.5,PA,Open,2021,4,13,6PAO,1,20216PAO1
PA-BRAG-OP-04-62,NT-,5.3,PA,Open,2019,4,14,6PAO,1,20196PAO1
PA-BRAG-OP-05-69,NT-,5.6,PA,Open,2019,5,5,2PAO,2,20192PAO2
PA-BRAG-OP-05-70,NT-,4.5,PA,Open,2019,5,6,2PAO,2,20192PAO2
PA-BRAG-OP-05-70,NT-,6.2,PA,Open,2020,5,6,2PAO,2,20202PAO2
PA-BRAG-OP-05-70,NT-,5.9,PA,Open,2021,5,6,2PAO,2,20212PAO2
PA-BRAG-OP-06-85,NT-,5.4,PA,Open,2019,6,5,2PAO,2,20192PAO2
PA-BRAG-OP-06-85,NT-,8.5,PA,Open,2020,6,5,2PAO,2,20202PAO2
PA-BRAG-OP-06-85,NT-,17.3,PA,Open,2021,6,5,2PAO,2,20212PAO2
PA-BRAG-OP-06-86,NT-,3.9,PA,Open,2019,6,6,2PAO,2,20192PAO2
PA-BRAG-OP-06-86,NT-,4.1,PA,Open,2020,6,6,2PAO,2,20202PAO2
PA-BRAG-OP-07-102,NT-,6.8,PA,Open,2019,7,3,1PAO,3,20191PAO3
PA-BRAG-OP-07-102,NT-,9.3,PA,Open,2020,7,3,1PAO,3,20201PAO3
PA-BRAG-OP-07-102,NT-,15.2,PA,Open,2021,7,3,1PAO,3,20211PAO3
PA-BRAG-OP-07-103,NT-,9.1,PA,Open,2019,7,4,1PAO,3,20191PAO3
PA-BRAG-OP-07-103,NT-,6.6,PA,Open,2020,7,4,1PAO,3,20201PAO3
PA-BRAG-OP-07-103,NT-,17.1,PA,Open,2021,7,4,1PAO,3,20211PAO3
PA-BRAG-OP-08-121,NT-,6.1,PA,Open,2019,8,9,4PAO,3,20194PAO3
PA-BRAG-OP-08-121,NT-,7.4,PA,Open,2020,8,9,4PAO,3,20204PAO3
PA-BRAG-OP-08-121,NT-,6.3,PA,Open,2021,8,9,4PAO,3,20214PAO3
PA-BRAG-OP-08-121,NT-,7.9,PA,Open,2023,8,9,4PAO,3,20234PAO3
PA-BRAG-OP-08-122,NT-,6.7,PA,Open,2019,8,10,4PAO,3,20194PAO3
PA-BRAG-OP-09-139,NT-,5.5,PA,Open,2019,9,11,5PAO,4,20195PAO4
PA-BRAG-OP-09-140,NT-,5.5,PA,Open,2019,9,12,5PAO,4,20195PAO4
PA-BRAG-OP-09-140,NT-,6.9,PA,Open,2020,9,12,5PAO,4,20205PAO4
PA-BRAG-OP-09-140,NT-,5.9,PA,Open,2021,9,12,5PAO,4,20215PAO4
PA-BRAG-OP-10-155,NT-,4.6,PA,Open,2019,10,11,5PAO,4,20195PAO4
PA-BRAG-OP-10-155,NT-,5.7,PA,Open,2020,10,11,5PAO,4,20205PAO4
PA-BRAG-OP-10-156,NT-,5.2,PA,Open,2019,10,12,5PAO,4,20195PAO4
PA-BRAG-OP-11-163,NT-,6.2,PA,Open,2019,11,3,1PAO,5,20191PAO5
PA-BRAG-OP-11-163,NT-,4.3,PA,Open,2020,11,3,1PAO,5,20201PAO5
PA-BRAG-OP-11-163,NT-,6.8,PA,Open,2021,11,3,1PAO,5,20211PAO5
PA-BRAG-OP-11-163,NT-,8.2,PA,Open,2023,11,3,1PAO,5,20231PAO5
PA-BRAG-OP-11-164,NT-,5,PA,Open,2019,11,4,1PAO,5,20191PAO5
PA-BRAG-OP-11-164,NT-,4.8,PA,Open,2020,11,4,1PAO,5,20201PAO5
PA-BRAG-OP-11-164,NT-,7.1,PA,Open,2021,11,4,1PAO,5,20211PAO5
PA-BRAG-OP-12-179,NT-,8.6,PA,Open,2019,12,3,1PAO,5,20191PAO5
PA-BRAG-OP-12-179,NT-,10.5,PA,Open,2020,12,3,1PAO,5,20201PAO5
PA-BRAG-OP-12-179,NT-,11.2,PA,Open,2021,12,3,1PAO,5,20211PAO5
PA-BRAG-OP-12-180,NT-,3.8,PA,Open,2019,12,4,1PAO,5,20191PAO5
PA-BRAG-OP-12-180,NT-,10.2,PA,Open,2020,12,4,1PAO,5,20201PAO5
PA-BRAG-OP-12-180,NT-,11.3,PA,Open,2021,12,4,1PAO,5,20211PAO5
PA-BRAG-OP-13-199,NT-,4.4,PA,Open,2019,13,7,3PAO,6,20193PAO6
PA-BRAG-OP-13-200,NT-,6.9,PA,Open,2019,13,8,3PAO,6,20193PAO6
PA-BRAG-OP-14-215,NT-,4.7,PA,Open,2019,14,7,3PAO,6,20193PAO6
PA-BRAG-OP-14-216,NT-,5.9,PA,Open,2019,14,8,3PAO,6,20193PAO6
PA-BRAG-OP-14-216,NT-,8.9,PA,Open,2020,14,8,3PAO,6,20203PAO6
PA-BRAG-SW-01-11,NT-,3.9,PA,Shelter,2020,1,B,1PAS,1,20201PAS1
PA-BRAG-SW-01-11,NT-,4.7,PA,Shelter,2021,1,B,1PAS,1,20211PAS1
PA-BRAG-SW-01-11,NT-,4.1,PA,Shelter,2023,1,B,1PAS,1,20231PAS1
PA-BRAG-SW-02-23,NT-,12.5,PA,Shelter,2020,2,B,1PAS,1,20201PAS1
PA-BRAG-SW-02-23,NT-,7.9,PA,Shelter,2021,2,B,1PAS,1,20211PAS1
PA-BRAG-SW-02-23,NT-,11.5,PA,Shelter,2023,2,B,1PAS,1,20231PAS1
PA-BRAG-SW-02-24,NT-,5.2,PA,Shelter,2020,2,A,1PAS,1,20201PAS1
PA-BRAG-SW-02-24,NT-,4.3,PA,Shelter,2021,2,A,1PAS,1,20211PAS1
PA-BRAG-SW-02-24,NT-,4.9,PA,Shelter,2023,2,A,1PAS,1,20231PAS1
PA-BRAG-SW-03-27,NT-,6.3,PA,Shelter,2020,3,J,5PAS,2,20205PAS2
PA-BRAG-SW-03-27,NT-,7,PA,Shelter,2021,3,J,5PAS,2,20215PAS2
PA-BRAG-SW-03-28,NT-,4.5,PA,Shelter,2020,3,I,5PAS,2,20205PAS2
PA-BRAG-SW-04-39,NT-,6.9,PA,Shelter,2020,4,J,5PAS,2,20205PAS2
PA-BRAG-SW-04-39,NT-,8.4,PA,Shelter,2021,4,J,5PAS,2,20215PAS2
PA-BRAG-SW-04-39,NT-,5.4,PA,Shelter,2023,4,J,5PAS,2,20235PAS2
PA-BRAG-SW-06-67,NT-,5.8,PA,Shelter,2020,6,F,3PAS,3,20203PAS3
PA-BRAG-SW-07-81,NT-,9.4,PA,Shelter,2020,7,D,2PAS,4,20202PAS4
PA-BRAG-SW-08-93,NT-,4.2,PA,Shelter,2020,8,D,2PAS,4,20202PAS4
PA-BRAG-SW-08-93,NT-,4.8,PA,Shelter,2021,8,D,2PAS,4,20212PAS4
PA-BRAG-SW-08-93,NT-,3.5,PA,Shelter,2023,8,D,2PAS,4,20232PAS4
PA-BRAG-SW-09-97,NT-,4.8,PA,Shelter,2020,9,L,6PAS,5,20206PAS5
PA-BRAG-SW-09-97,NT-,5.7,PA,Shelter,2021,9,L,6PAS,5,20216PAS5
PA-BRAG-SW-09-97,NT-,4.3,PA,Shelter,2023,9,L,6PAS,5,20236PAS5
PA-BRAG-SW-10-109,NT-,10.6,PA,Shelter,2020,10,L,6PAS,5,20206PAS5
PA-BRAG-SW-10-109,NT-,6.7,PA,Shelter,2021,10,L,6PAS,5,20216PAS5
PA-BRAG-SW-10-109,NT-,11.6,PA,Shelter,2023,10,L,6PAS,5,20236PAS5
PA-BRAG-SW-10-110,NT-,5.5,PA,Shelter,2020,10,K,6PAS,5,20206PAS5
PA-BRAG-SW-10-110,NT-,5.9,PA,Shelter,2021,10,K,6PAS,5,20216PAS5
PA-BRAG-SW-10-110,NT-,7.1,PA,Shelter,2023,10,K,6PAS,5,20236PAS5
PA-BRAG-SW-11-125,NT-,8.1,PA,Shelter,2020,11,H,4PAS,6,20204PAS6
PA-BRAG-SW-11-125,NT-,5.5,PA,Shelter,2021,11,H,4PAS,6,20214PAS6
PA-BRAG-SW-11-126,NT-,6.2,PA,Shelter,2020,11,G,4PAS,6,20204PAS6
PA-BRAG-SW-11-126,NT-,5.7,PA,Shelter,2021,11,G,4PAS,6,20214PAS6
PA-BRAG-SW-12-137,NT-,6.3,PA,Shelter,2020,12,H,4PAS,6,20204PAS6
PA-BRAG-SW-12-137,NT-,6.4,PA,Shelter,2021,12,H,4PAS,6,20214PAS6
PA-BRAG-SW-12-137,NT-,7.8,PA,Shelter,2023,12,H,4PAS,6,20234PAS6
PA-BRAG-SW-12-138,NT-,5.6,PA,Shelter,2020,12,G,4PAS,6,20204PAS6
PA-BRAG-SW-12-138,NT-,8.4,PA,Shelter,2021,12,G,4PAS,6,20214PAS6
BRAG19-VAO_10G,B3,2.5,VA,Open,2019,D,10,1VAO,4,20191VAO4
BRAG19-VAO_10G,B3,3.6,VA,Open,2020,D,10,1VAO,4,20201VAO4
BRAG19-VAO_10H,B3,4.3,VA,Open,2019,C,10,1VAO,4,20191VAO4
BRAG19-VAO_10H,B3,9.7,VA,Open,2020,C,10,1VAO,4,20201VAO4
BRAG19-VAO_10H,B3,20.5,VA,Open,2021,C,10,1VAO,4,20211VAO4
BRAG19-VAO_10H,B3,32,VA,Open,2022,C,10,1VAO,4,20221VAO4
BRAG19-VAO_10H,B3,50.6,VA,Open,2023,C,10,1VAO,4,20231VAO4
BRAG19-VAO_11E,B3,4,VA,Open,2019,F,11,3VAO,5,20193VAO5
BRAG19-VAO_11E,B3,6,VA,Open,2020,F,11,3VAO,5,20203VAO5
BRAG19-VAO_11E,B3,12.2,VA,Open,2021,F,11,3VAO,5,20213VAO5
BRAG19-VAO_11E,B3,16.1,VA,Open,2022,F,11,3VAO,5,20223VAO5
BRAG19-VAO_11E,B3,27.2,VA,Open,2023,F,11,3VAO,5,20233VAO5
BRAG19-VAO_11F,B3,2.6,VA,Open,2019,E,11,3VAO,5,20193VAO5
BRAG19-VAO_11F,B3,6.1,VA,Open,2020,E,11,3VAO,5,20203VAO5
BRAG19-VAO_11F,B3,20.6,VA,Open,2021,E,11,3VAO,5,20213VAO5
BRAG19-VAO_11F,B3,35.2,VA,Open,2022,E,11,3VAO,5,20223VAO5
BRAG19-VAO_11F,B3,61.3,VA,Open,2023,E,11,3VAO,5,20233VAO5
BRAG19-VAO_12E,B3,2.1,VA,Open,2019,F,12,3VAO,5,20193VAO5
BRAG19-VAO_12E,B3,5.6,VA,Open,2020,F,12,3VAO,5,20203VAO5
BRAG19-VAO_12E,B3,14,VA,Open,2021,F,12,3VAO,5,20213VAO5
BRAG19-VAO_12E,B3,25.3,VA,Open,2022,F,12,3VAO,5,20223VAO5
BRAG19-VAO_12E,B3,71.2,VA,Open,2023,F,12,3VAO,5,20233VAO5
BRAG19-VAO_12F,B3,8.9,VA,Open,2019,E,12,3VAO,5,20193VAO5
BRAG19-VAO_12F,B3,12,VA,Open,2020,E,12,3VAO,5,20203VAO5
BRAG19-VAO_12F,B3,20.4,VA,Open,2021,E,12,3VAO,5,20213VAO5
BRAG19-VAO_12F,B3,29.8,VA,Open,2022,E,12,3VAO,5,20223VAO5
BRAG19-VAO_12F,B3,28.8,VA,Open,2023,E,12,3VAO,5,20233VAO5
BRAG19-VAO_19C,B3,4.5,VA,Open,2019,H,19,6VAO,3,20196VAO3
BRAG19-VAO_19C,B3,9,VA,Open,2020,H,19,6VAO,3,20206VAO3
BRAG19-VAO_19C,B3,15.5,VA,Open,2021,H,19,6VAO,3,20216VAO3
BRAG19-VAO_19C,B3,24.9,VA,Open,2022,H,19,6VAO,3,20226VAO3
BRAG19-VAO_19C,B3,30.6,VA,Open,2023,H,19,6VAO,3,20236VAO3
BRAG19-VAO_19D,B3,7.5,VA,Open,2019,G,19,6VAO,3,20196VAO3
BRAG19-VAO_19D,B3,10.7,VA,Open,2020,G,19,6VAO,3,20206VAO3
BRAG19-VAO_19D,B3,16.2,VA,Open,2021,G,19,6VAO,3,20216VAO3
BRAG19-VAO_19D,B3,19.6,VA,Open,2022,G,19,6VAO,3,20226VAO3
BRAG19-VAO_19D,B3,25.9,VA,Open,2023,G,19,6VAO,3,20236VAO3
BRAG19-VAO_20C,B3,9.7,VA,Open,2019,H,20,6VAO,3,20196VAO3
BRAG19-VAO_20C,B3,14.5,VA,Open,2020,H,20,6VAO,3,20206VAO3
BRAG19-VAO_20C,B3,17.7,VA,Open,2021,H,20,6VAO,3,20216VAO3
BRAG19-VAO_20C,B3,20.2,VA,Open,2022,H,20,6VAO,3,20226VAO3
BRAG19-VAO_20C,B3,21.5,VA,Open,2023,H,20,6VAO,3,20236VAO3
BRAG19-VAO_20D,B3,2.1,VA,Open,2019,G,20,6VAO,3,20196VAO3
BRAG19-VAO_20D,B3,4.4,VA,Open,2020,G,20,6VAO,3,20206VAO3
BRAG19-VAO_23G,B3,6.8,VA,Open,2019,D,23,2VAO,5,20192VAO5
BRAG19-VAO_23G,B3,11.8,VA,Open,2020,D,23,2VAO,5,20202VAO5
BRAG19-VAO_23G,B3,18.2,VA,Open,2021,D,23,2VAO,5,20212VAO5
BRAG19-VAO_23G,B3,22.3,VA,Open,2022,D,23,2VAO,5,20222VAO5
BRAG19-VAO_23H,B3,2.3,VA,Open,2019,C,23,2VAO,5,20192VAO5
BRAG19-VAO_23H,B3,2.2,VA,Open,2020,C,23,2VAO,5,20202VAO5
BRAG19-VAO_24Greplant,B3,3.4,VA,Open,2020,D,24,2VAO,5,20202VAO5
BRAG19-VAO_24Greplant,B3,7.8,VA,Open,2021,D,24,2VAO,5,20212VAO5
BRAG19-VAO_24Greplant,B3,12,VA,Open,2022,D,24,2VAO,5,20222VAO5
BRAG19-VAO_24H,B3,3,VA,Open,2019,C,24,2VAO,5,20192VAO5
BRAG19-VAO_24H,B3,9.1,VA,Open,2020,C,24,2VAO,5,20202VAO5
BRAG19-VAO_24H,B3,13.7,VA,Open,2021,C,24,2VAO,5,20212VAO5
BRAG19-VAO_24H,B3,19.5,VA,Open,2022,C,24,2VAO,5,20222VAO5
BRAG19-VAO_24H,B3,23.4,VA,Open,2023,C,24,2VAO,5,20232VAO5
BRAG19-VAO_25E,B3,6.2,VA,Open,2019,F,25,4VAO,6,20194VAO6
BRAG19-VAO_25E,B3,9.9,VA,Open,2020,F,25,4VAO,6,20204VAO6
BRAG19-VAO_25E,B3,11.5,VA,Open,2021,F,25,4VAO,6,20214VAO6
BRAG19-VAO_25E,B3,13.8,VA,Open,2022,F,25,4VAO,6,20224VAO6
BRAG19-VAO_25E,B3,17.7,VA,Open,2023,F,25,4VAO,6,20234VAO6
BRAG19-VAO_25F,B3,2.1,VA,Open,2019,E,25,4VAO,6,20194VAO6
BRAG19-VAO_26E,B3,6,VA,Open,2019,F,26,4VAO,6,20194VAO6
BRAG19-VAO_26F,B3,9,VA,Open,2019,E,26,4VAO,6,20194VAO6
BRAG19-VAO_26F,B3,16,VA,Open,2020,E,26,4VAO,6,20204VAO6
BRAG19-VAO_26F,B3,18.2,VA,Open,2021,E,26,4VAO,6,20214VAO6
BRAG19-VAO_3C,B3,6.2,VA,Open,2019,H,3,5VAO,1,20195VAO1
BRAG19-VAO_3C,B3,12.1,VA,Open,2020,H,3,5VAO,1,20205VAO1
BRAG19-VAO_3C,B3,18.8,VA,Open,2021,H,3,5VAO,1,20215VAO1
BRAG19-VAO_3C,B3,26.8,VA,Open,2022,H,3,5VAO,1,20225VAO1
BRAG19-VAO_3C,B3,38,VA,Open,2023,H,3,5VAO,1,20235VAO1
BRAG19-VAO_3D,B3,6.8,VA,Open,2019,G,3,5VAO,1,20195VAO1
BRAG19-VAO_3D,B3,10.8,VA,Open,2020,G,3,5VAO,1,20205VAO1
BRAG19-VAO_3D,B3,16,VA,Open,2021,G,3,5VAO,1,20215VAO1
BRAG19-VAO_3D,B3,18,VA,Open,2022,G,3,5VAO,1,20225VAO1
BRAG19-VAO_3D,B3,27.4,VA,Open,2023,G,3,5VAO,1,20235VAO1
BRAG19-VAO_4C,B3,5,VA,Open,2019,H,4,5VAO,1,20195VAO1
BRAG19-VAO_4C,B3,8.1,VA,Open,2020,H,4,5VAO,1,20205VAO1
BRAG19-VAO_4C,B3,11.4,VA,Open,2021,H,4,5VAO,1,20215VAO1
BRAG19-VAO_4C,B3,13,VA,Open,2022,H,4,5VAO,1,20225VAO1
BRAG19-VAO_4C,B3,17.5,VA,Open,2023,H,4,5VAO,1,20235VAO1
BRAG19-VAO_4D,B3,5.5,VA,Open,2019,G,4,5VAO,1,20195VAO1
BRAG19-VAO_4D,B3,7.3,VA,Open,2020,G,4,5VAO,1,20205VAO1
BRAG19-VAO_4D,B3,10.2,VA,Open,2021,G,4,5VAO,1,20215VAO1
BRAG19-VAO_4D,B3,6.2,VA,Open,2023,G,4,5VAO,1,20235VAO1
BRAG19-VAO_9G,B3,3.7,VA,Open,2019,D,9,1VAO,4,20191VAO4
BRAG19-VAO_9G,B3,7.6,VA,Open,2020,D,9,1VAO,4,20201VAO4
BRAG19-VAO_9G,B3,15.5,VA,Open,2021,D,9,1VAO,4,20211VAO4
BRAG19-VAO_9G,B3,23.8,VA,Open,2022,D,9,1VAO,4,20221VAO4
BRAG19-VAO_9G,B3,33.5,VA,Open,2023,D,9,1VAO,4,20231VAO4
BRAG19-VAO_9H,B3,4.6,VA,Open,2019,C,9,1VAO,4,20191VAO4
BRAG19-VAO_9H,B3,8.5,VA,Open,2020,C,9,1VAO,4,20201VAO4
BRAG19-VAO_9H,B3,11.2,VA,Open,2021,C,9,1VAO,4,20211VAO4
BRAG19-VAO_9H,B3,17.7,VA,Open,2022,C,9,1VAO,4,20221VAO4
BRAG19-VAO_9H,B3,26.7,VA,Open,2023,C,9,1VAO,4,20231VAO4
BRAG19-VAS_12B,B3,1.9,VA,Shelter,2019,B,12,1VAS,6,20191VAS6
BRAG19-VAS_12B,B3,2.3,VA,Shelter,2020,B,12,1VAS,6,20201VAS6
BRAG19-VAS_12B,B3,5.5,VA,Shelter,2021,B,12,1VAS,6,20211VAS6
BRAG19-VAS_1H,B3,2.4,VA,Shelter,2019,H,1,4VAS,1,20194VAS1
BRAG19-VAS_1H,B3,3.1,VA,Shelter,2020,H,1,4VAS,1,20204VAS1
BRAG19-VAS_1H,B3,4.7,VA,Shelter,2021,H,1,4VAS,1,20214VAS1
BRAG19-VAS_1H,B3,4,VA,Shelter,2022,H,1,4VAS,1,20224VAS1
BRAG19-VAS_2G,B3,2.2,VA,Shelter,2019,G,2,4VAS,1,20194VAS1
BRAG19-VAS_2G,B3,2.5,VA,Shelter,2020,G,2,4VAS,1,20204VAS1
BRAG19-VAS_2G,B3,5.3,VA,Shelter,2021,G,2,4VAS,1,20214VAS1
BRAG19-VAS_2Hreplant,B3,2.3,VA,Shelter,2020,H,2,4VAS,1,20204VAS1
BRAG19-VAS_2Hreplant,B3,4.3,VA,Shelter,2022,H,2,4VAS,1,20224VAS1
BRAG19-VAS_3E,B3,1.8,VA,Shelter,2019,E,3,3VAS,2,20193VAS2
BRAG19-VAS_3E,B3,1.5,VA,Shelter,2020,E,3,3VAS,2,20203VAS2
BRAG19-VAS_3E,B3,2.6,VA,Shelter,2022,E,3,3VAS,2,20223VAS2
BRAG19-VAS_3Freplant,B3,1.8,VA,Shelter,2020,F,3,3VAS,2,20203VAS2
BRAG19-VAS_3Freplant,B3,4.5,VA,Shelter,2021,F,3,3VAS,2,20213VAS2
BRAG19-VAS_3Freplant,B3,5.3,VA,Shelter,2022,F,3,3VAS,2,20223VAS2
BRAG19-VAS_3Freplant,B3,6.5,VA,Shelter,2023,F,3,3VAS,2,20233VAS2
BRAG19-VAS_4F,B3,2.5,VA,Shelter,2019,F,4,3VAS,2,20193VAS2
BRAG19-VAS_5Creplant,B3,1.5,VA,Shelter,2020,C,5,2VAS,3,20202VAS3
BRAG19-VAS_5D,B3,2.1,VA,Shelter,2019,D,5,2VAS,3,20192VAS3
BRAG19-VAS_5D,B3,3,VA,Shelter,2020,D,5,2VAS,3,20202VAS3
BRAG19-VAS_5D,B3,4.1,VA,Shelter,2021,D,5,2VAS,3,20212VAS3
BRAG19-VAS_7K,B3,3.5,VA,Shelter,2019,K,7,6VAS,4,20196VAS4
BRAG19-VAS_7K,B3,3.4,VA,Shelter,2020,K,7,6VAS,4,20206VAS4
BRAG19-VAS_7Lreplant,B3,3.6,VA,Shelter,2022,L,7,6VAS,4,20226VAS4
BRAG19-VAS_8L,B3,3.2,VA,Shelter,2019,L,8,6VAS,4,20196VAS4
D58+18FA109,D58+,3,VA,Open,2019,F,13,3VAO,6,20193VAO6
D58+18FA111,D58+,3.8,VA,Open,2019,D,16,2VAO,1,20192VAO1
D58+18FA111,D58+,5.9,VA,Open,2020,D,16,2VAO,1,20202VAO1
D58+18FA111,D58+,9.5,VA,Open,2021,D,16,2VAO,1,20212VAO1
D58+18FA111,D58+,20.7,VA,Open,2022,D,16,2VAO,1,20222VAO1
D58+18FA111,D58+,19.7,VA,Open,2023,D,16,2VAO,1,20232VAO1
D58+18FA122replant,D58+,2.9,VA,Open,2019,G,11,5VAO,5,20195VAO5
D58+18FA122replant,D58+,2.9,VA,Open,2020,G,11,5VAO,5,20205VAO5
D58+18FA123,D58+,4.5,VA,Open,2019,G,23,6VAO,5,20196VAO5
D58+18FA123,D58+,5.1,VA,Open,2020,G,23,6VAO,5,20206VAO5
D58+18FA123,D58+,9.1,VA,Open,2021,G,23,6VAO,5,20216VAO5
D58+18FA357,D58+,5.1,VA,Open,2019,H,23,6VAO,5,20196VAO5
D58+18FA357,D58+,10.5,VA,Open,2020,H,23,6VAO,5,20206VAO5
D58+18FA357,D58+,15.4,VA,Open,2021,H,23,6VAO,5,20216VAO5
D58+18FA362,D58+,4.7,VA,Open,2019,E,22,4VAO,4,20194VAO4
D58+18FA362,D58+,12.1,VA,Open,2020,E,22,4VAO,4,20204VAO4
D58+18FA362,D58+,12.9,VA,Open,2021,E,22,4VAO,4,20214VAO4
D58+18FA362,D58+,18.7,VA,Open,2022,E,22,4VAO,4,20224VAO4
D58+18FA362,D58+,36.4,VA,Open,2023,E,22,4VAO,4,20234VAO4
D58+18FA382,D58+,3.8,VA,Open,2019,F,14,3VAO,6,20193VAO6
D58+18FA391,D58+,2.7,VA,Open,2019,D,8,1VAO,3,20191VAO3
D58+18FA398,D58+,3.4,VA,Open,2019,G,12,5VAO,5,20195VAO5
D58+18FA402,D58+,3.5,VA,Open,2019,C,15,2VAO,1,20192VAO1
D58+18FA75,D58+,3.4,VA,Open,2019,F,21,4VAO,4,20194VAO4
D58+18FA75,D58+,7.3,VA,Open,2020,F,21,4VAO,4,20204VAO4
D58+18FA96,D58+,4.3,VA,Open,2019,D,7,1VAO,3,20191VAO3
D58+18MJ354,D58+,3.4,VA,Open,2019,H,24,6VAO,5,20196VAO5
D58+18MJ354,D58+,7.3,VA,Open,2020,H,24,6VAO,5,20206VAO5
D58+18MJ354,D58+,10.9,VA,Open,2021,H,24,6VAO,5,20216VAO5
D58+18MJ365,D58+,3.5,VA,Open,2019,C,16,2VAO,1,20192VAO1
D58+18MJ367,D58+,2.9,VA,Open,2019,H,12,5VAO,5,20195VAO5
D58+18MJ367,D58+,2.1,VA,Open,2020,H,12,5VAO,5,20205VAO5
D58+18MJ383,D58+,2,VA,Open,2019,C,7,1VAO,3,20191VAO3
D58+18MJ388,D58+,2.7,VA,Open,2019,C,8,1VAO,3,20191VAO3
D58+18MJ462,D58+,5.5,VA,Open,2019,G,24,6VAO,5,20196VAO5
D58+18MJ462,D58+,9.9,VA,Open,2020,G,24,6VAO,5,20206VAO5
D58+18MJ462,D58+,14.8,VA,Open,2021,G,24,6VAO,5,20216VAO5
D58+18MJ492,D58+,4,VA,Open,2019,F,22,4VAO,4,20194VAO4
D58+18MJ493,D58+,3.4,VA,Open,2019,E,21,4VAO,4,20194VAO4
D58+18MJ493,D58+,12,VA,Open,2020,E,21,4VAO,4,20204VAO4
D58+18MJ493,D58+,20.7,VA,Open,2021,E,21,4VAO,4,20214VAO4
D58+18MJ493,D58+,27.9,VA,Open,2022,E,21,4VAO,4,20224VAO4
D58+18MJ493,D58+,36.8,VA,Open,2023,E,21,4VAO,4,20234VAO4
D58+18MJ494,D58+,2.9,VA,Open,2019,D,15,2VAO,1,20192VAO1
D58+18MJ502,D58+,4,VA,Open,2019,E,14,3VAO,6,20193VAO6
D58+18MJ510,D58+,2.2,VA,Open,2019,H,11,5VAO,5,20195VAO5
D58+18MJ558,D58+,3,VA,Open,2019,E,13,3VAO,6,20193VAO6
D58+18MJ617replant,D58+,2.3,VA,Open,2019,H,11,5VAO,5,20195VAO5
D58+18FA15,D58+,1.9,VA,Shelter,2019,B,3,1VAS,2,20191VAS2
D58+18FA21,D58+,2,VA,Shelter,2019,F,7,3VAS,4,20193VAS4
D58+18FA238replant,D58+,2.7,VA,Shelter,2019,J,12,5VAS,6,20195VAS6
D58+18FA238replant,D58+,2.8,VA,Shelter,2020,J,12,5VAS,6,20205VAS6
D58+18FA279,D58+,2.2,VA,Shelter,2019,L,5,6VAS,3,20196VAS3
D58+18FA287replant,D58+,2,VA,Shelter,2019,E,8,3VAS,4,20193VAS4
D58+18FA320,D58+,2.3,VA,Shelter,2019,J,12,5VAS,6,20195VAS6
D58+18FA33replant,D58+,2.3,VA,Shelter,2019,D,1,2VAS,1,20192VAS1
D58+18FA33replant,D58+,3.2,VA,Shelter,2020,D,1,2VAS,1,20202VAS1
D58+18FA375replant,D58+,2.1,VA,Shelter,2019,C,2,2VAS,1,20192VAS1
D58+18FA375replant,D58+,1.8,VA,Shelter,2020,C,2,2VAS,1,20202VAS1
D58+18FA375replant,D58+,6,VA,Shelter,2021,C,2,2VAS,1,20212VAS1
D58+18FA375replant,D58+,5.5,VA,Shelter,2022,C,2,2VAS,1,20222VAS1
D58+18FA39replant,D58+,4,VA,Shelter,2019,K,5,6VAS,3,20196VAS3
D58+18FA39replant,D58+,4.4,VA,Shelter,2020,K,5,6VAS,3,20206VAS3
D58+18FA403.1replant,D58+,1.7,VA,Shelter,2019,A,4,1VAS,2,20191VAS2
D58+18FA403.1replant,D58+,1.9,VA,Shelter,2020,A,4,1VAS,2,20201VAS2
D58+18FA403.1replant,D58+,6,VA,Shelter,2021,A,4,1VAS,2,20211VAS2
D58+18FA403.1replant,D58+,3.1,VA,Shelter,2022,A,4,1VAS,2,20221VAS2
D58+18FA83.1replant,D58+,2.9,VA,Shelter,2019,I,11,5VAS,6,20195VAS6
D58+18FA83.2replant,D58+,3.7,VA,Shelter,2019,H,10,4VAS,5,20194VAS5
D58+18FA9replant,D58+,1.8,VA,Shelter,2019,B,3,1VAS,2,20191VAS2
D58+18FA9replant,D58+,1.6,VA,Shelter,2020,B,3,1VAS,2,20201VAS2
D58+18MJ370replant,D58+,2.2,VA,Shelter,2019,F,8,3VAS,4,20193VAS4
D58+18MJ380.1replant,D58+,1.6,VA,Shelter,2019,L,6,6VAS,3,20196VAS3
D58+18MJ380.1replant,D58+,1.5,VA,Shelter,2020,L,6,6VAS,3,20206VAS3
D58+18MJ380.1replant,D58+,3.3,VA,Shelter,2021,L,6,6VAS,3,20216VAS3
D58+18MJ380.1replant,D58+,3.1,VA,Shelter,2022,L,6,6VAS,3,20226VAS3
D58+18MJ380.2replant,D58+,1.2,VA,Shelter,2019,G,10,4VAS,5,20194VAS5
D58+18MJ395,D58+,2.2,VA,Shelter,2019,I,12,5VAS,6,20195VAS6
D58+18MJ397.1replant,D58+,3.5,VA,Shelter,2019,J,11,5VAS,6,20195VAS6
D58+18MJ398,D58+,1.6,VA,Shelter,2019,E,7,3VAS,4,20193VAS4
D58+18MJ398,D58+,2.4,VA,Shelter,2020,E,7,3VAS,4,20203VAS4
D58+18MJ398,D58+,4.1,VA,Shelter,2022,E,7,3VAS,4,20223VAS4
D58+18MJ479,D58+,1.5,VA,Shelter,2019,D,2,2VAS,1,20192VAS1
D58+18MJ489replant,D58+,1.5,VA,Shelter,2019,C,1,2VAS,1,20192VAS1
D58+18MJ489replant,D58+,2.6,VA,Shelter,2020,C,1,2VAS,1,20202VAS1
D58+18MJ497replant,D58+,3,VA,Shelter,2019,K,6,6VAS,3,20196VAS3
D58+18MJ497replant,D58+,3.1,VA,Shelter,2020,K,6,6VAS,3,20206VAS3
D58+18MJ529replant,D58+,2.1,VA,Shelter,2019,B,4,1VAS,2,20191VAS2
D58+18MJ529replant,D58+,2.6,VA,Shelter,2020,B,4,1VAS,2,20201VAS2
D58+18MJ529replant,D58+,4,VA,Shelter,2021,B,4,1VAS,2,20211VAS2
D58+18MJ529replant,D58+,3.2,VA,Shelter,2022,B,4,1VAS,2,20221VAS2
D58+18MJ531replant,D58+,1.7,VA,Shelter,2019,G,9,4VAS,5,20194VAS5
D58+18MJ542replant,D58+,0.7,VA,Shelter,2019,A,3,1VAS,2,20191VAS2
D58+18MJ542replant,D58+,1,VA,Shelter,2020,A,3,1VAS,2,20201VAS2
D58+18MJ542replant,D58+,3.2,VA,Shelter,2021,A,3,1VAS,2,20211VAS2
D58-18FA103,NT-,5.1,VA,Open,2019,D,25,2VAO,6,20192VAO6
D58-18FA103,NT-,14,VA,Open,2020,D,25,2VAO,6,20202VAO6
D58-18FA103,NT-,19,VA,Open,2021,D,25,2VAO,6,20212VAO6
D58-18FA103,NT-,24.6,VA,Open,2022,D,25,2VAO,6,20222VAO6
D58-18FA125replant,NT-,3.5,VA,Open,2019,E,15,4VAO,1,20194VAO1
D58-18FA125replant,NT-,4.5,VA,Open,2020,E,15,4VAO,1,20204VAO1
D58-18FA125replant,NT-,10.6,VA,Open,2021,E,15,4VAO,1,20214VAO1
D58-18FA125replant,NT-,11.8,VA,Open,2022,E,15,4VAO,1,20224VAO1
D58-18FA125replant,NT-,15.1,VA,Open,2023,E,15,4VAO,1,20234VAO1
D58-18FA335,NT-,2.5,VA,Open,2019,G,21,6VAO,4,20196VAO4
D58-18FA342,NT-,8.6,VA,Open,2019,C,25,2VAO,6,20192VAO6
D58-18FA342,NT-,20.1,VA,Open,2020,C,25,2VAO,6,20202VAO6
D58-18FA342,NT-,28.8,VA,Open,2021,C,25,2VAO,6,20212VAO6
D58-18FA342,NT-,40.9,VA,Open,2022,C,25,2VAO,6,20222VAO6
D58-18FA342,NT-,50.4,VA,Open,2023,C,25,2VAO,6,20232VAO6
D58-18FA363,NT-,2.9,VA,Open,2019,D,12,1VAO,5,20191VAO5
D58-18FA363,NT-,7.9,VA,Open,2020,D,12,1VAO,5,20201VAO5
D58-18FA363,NT-,16.7,VA,Open,2021,D,12,1VAO,5,20211VAO5
D58-18FA363,NT-,28.7,VA,Open,2022,D,12,1VAO,5,20221VAO5
D58-18FA363,NT-,44.9,VA,Open,2023,D,12,1VAO,5,20231VAO5
D58-18FA377,NT-,2.8,VA,Open,2019,H,14,5VAO,6,20195VAO6
D58-18FA377,NT-,3.8,VA,Open,2020,H,14,5VAO,6,20205VAO6
D58-18FA377,NT-,5.2,VA,Open,2021,H,14,5VAO,6,20215VAO6
D58-18FA377,NT-,7.7,VA,Open,2022,H,14,5VAO,6,20225VAO6
D58-18FA377,NT-,9.4,VA,Open,2023,H,14,5VAO,6,20235VAO6
D58-18FA378,NT-,3.5,VA,Open,2019,E,6,3VAO,2,20193VAO2
D58-18FA378,NT-,8.9,VA,Open,2020,E,6,3VAO,2,20203VAO2
D58-18FA378,NT-,17.7,VA,Open,2021,E,6,3VAO,2,20213VAO2
D58-18FA378,NT-,28.4,VA,Open,2022,E,6,3VAO,2,20223VAO2
D58-18FA378,NT-,46.8,VA,Open,2023,E,6,3VAO,2,20233VAO2
D58-18FA407,NT-,3.5,VA,Open,2019,F,16,4VAO,1,20194VAO1
D58-18FA407,NT-,8.9,VA,Open,2020,F,16,4VAO,1,20204VAO1
D58-18FA407,NT-,12.4,VA,Open,2021,F,16,4VAO,1,20214VAO1
D58-18FA407,NT-,18,VA,Open,2022,F,16,4VAO,1,20224VAO1
D58-18FA407,NT-,24.8,VA,Open,2023,F,16,4VAO,1,20234VAO1
D58-18FA61,NT-,3,VA,Open,2019,G,14,5VAO,6,20195VAO6
D58-18FA61,NT-,6.5,VA,Open,2020,G,14,5VAO,6,20205VAO6
D58-18FA61,NT-,8.8,VA,Open,2021,G,14,5VAO,6,20215VAO6
D58-18FA61,NT-,12,VA,Open,2022,G,14,5VAO,6,20225VAO6
D58-18FA61,NT-,16.2,VA,Open,2023,G,14,5VAO,6,20235VAO6
D58-18FA69,NT-,5.3,VA,Open,2019,H,21,6VAO,4,20196VAO4
D58-18FA69,NT-,10.3,VA,Open,2020,H,21,6VAO,4,20206VAO4
D58-18FA69,NT-,19.4,VA,Open,2021,H,21,6VAO,4,20216VAO4
D58-18FA69,NT-,23.9,VA,Open,2022,H,21,6VAO,4,20226VAO4
D58-18FA69,NT-,34.9,VA,Open,2023,H,21,6VAO,4,20236VAO4
D58-18FA79,NT-,2.9,VA,Open,2019,C,11,1VAO,5,20191VAO5
D58-18FA79,NT-,7.9,VA,Open,2020,C,11,1VAO,5,20201VAO5
D58-18FA79,NT-,14.2,VA,Open,2021,C,11,1VAO,5,20211VAO5
D58-18FA79,NT-,23.6,VA,Open,2022,C,11,1VAO,5,20221VAO5
D58-18FA79,NT-,34.1,VA,Open,2023,C,11,1VAO,5,20231VAO5
D58-18FA90,NT-,3.9,VA,Open,2019,F,6,3VAO,2,20193VAO2
D58-18FA90,NT-,6.4,VA,Open,2020,F,6,3VAO,2,20203VAO2
D58-18FA90,NT-,14.7,VA,Open,2021,F,6,3VAO,2,20213VAO2
D58-18FA90,NT-,25,VA,Open,2022,F,6,3VAO,2,20223VAO2
D58-18FA90,NT-,39.8,VA,Open,2023,F,6,3VAO,2,20233VAO2
D58-18MJ224,NT-,4.7,VA,Open,2019,G,13,5VAO,6,20195VAO6
D58-18MJ224,NT-,8.4,VA,Open,2020,G,13,5VAO,6,20205VAO6
D58-18MJ224,NT-,19.7,VA,Open,2021,G,13,5VAO,6,20215VAO6
D58-18MJ224,NT-,31.3,VA,Open,2022,G,13,5VAO,6,20225VAO6
D58-18MJ224,NT-,20.2,VA,Open,2023,G,13,5VAO,6,20235VAO6
D58-18MJ362,NT-,2.9,VA,Open,2019,F,15,4VAO,1,20194VAO1
D58-18MJ362,NT-,7.7,VA,Open,2020,F,15,4VAO,1,20204VAO1
D58-18MJ362,NT-,10.9,VA,Open,2021,F,15,4VAO,1,20214VAO1
D58-18MJ362,NT-,16.9,VA,Open,2022,F,15,4VAO,1,20224VAO1
D58-18MJ362,NT-,24.8,VA,Open,2023,F,15,4VAO,1,20234VAO1
D58-18MJ363,NT-,5.7,VA,Open,2019,C,26,2VAO,6,20192VAO6
D58-18MJ363,NT-,16.6,VA,Open,2020,C,26,2VAO,6,20202VAO6
D58-18MJ363,NT-,26,VA,Open,2021,C,26,2VAO,6,20212VAO6
D58-18MJ363,NT-,28.4,VA,Open,2022,C,26,2VAO,6,20222VAO6
D58-18MJ363,NT-,34.6,VA,Open,2023,C,26,2VAO,6,20232VAO6
D58-18MJ387,NT-,5.6,VA,Open,2019,D,26,2VAO,6,20192VAO6
D58-18MJ387,NT-,14.1,VA,Open,2020,D,26,2VAO,6,20202VAO6
D58-18MJ387,NT-,17.9,VA,Open,2021,D,26,2VAO,6,20212VAO6
D58-18MJ442,NT-,4,VA,Open,2019,E,16,4VAO,1,20194VAO1
D58-18MJ442,NT-,7.5,VA,Open,2020,E,16,4VAO,1,20204VAO1
D58-18MJ442,NT-,13.4,VA,Open,2021,E,16,4VAO,1,20214VAO1
D58-18MJ442,NT-,21.8,VA,Open,2022,E,16,4VAO,1,20224VAO1
D58-18MJ442,NT-,13.9,VA,Open,2023,E,16,4VAO,1,20234VAO1
D58-18MJ450,NT-,7.7,VA,Open,2019,H,22,6VAO,4,20196VAO4
D58-18MJ450,NT-,16.4,VA,Open,2020,H,22,6VAO,4,20206VAO4
D58-18MJ450,NT-,24.3,VA,Open,2021,H,22,6VAO,4,20216VAO4
D58-18MJ450,NT-,32.8,VA,Open,2022,H,22,6VAO,4,20226VAO4
D58-18MJ450,NT-,45.4,VA,Open,2023,H,22,6VAO,4,20236VAO4
D58-18MJ506,NT-,1.3,VA,Open,2019,C,12,1VAO,5,20191VAO5
D58-18MJ537,NT-,5,VA,Open,2019,G,22,6VAO,4,20196VAO4
D58-18MJ537,NT-,12.8,VA,Open,2020,G,22,6VAO,4,20206VAO4
D58-18MJ537,NT-,20.1,VA,Open,2021,G,22,6VAO,4,20216VAO4
D58-18MJ537,NT-,33.2,VA,Open,2022,G,22,6VAO,4,20226VAO4
D58-18MJ537,NT-,40.8,VA,Open,2023,G,22,6VAO,4,20236VAO4
D58-18MJ544,NT-,1.8,VA,Open,2019,E,5,3VAO,2,20193VAO2
D58-18MJ546,NT-,2.8,VA,Open,2019,H,13,5VAO,6,20195VAO6
D58-18MJ546,NT-,3.6,VA,Open,2020,H,13,5VAO,6,20205VAO6
D58-18MJ552,NT-,3.2,VA,Open,2019,D,11,1VAO,5,20191VAO5
D58-18MJ552,NT-,4.8,VA,Open,2020,D,11,1VAO,5,20201VAO5
D58-18MJ552,NT-,6,VA,Open,2021,D,11,1VAO,5,20211VAO5
D58-18MJ552,NT-,8.6,VA,Open,2022,D,11,1VAO,5,20221VAO5
D58-18MJ570,NT-,2.9,VA,Open,2019,F,5,3VAO,2,20193VAO2
D58-18MJ570,NT-,5.3,VA,Open,2020,F,5,3VAO,2,20203VAO2
D58-18MJ570,NT-,10,VA,Open,2021,F,5,3VAO,2,20213VAO2
D58-18MJ570,NT-,14.6,VA,Open,2022,F,5,3VAO,2,20223VAO2
D58-18MJ570,NT-,5,VA,Open,2023,F,5,3VAO,2,20233VAO2
D58-18FA112,NT-,2.4,VA,Shelter,2019,J,3,5VAS,2,20195VAS2
D58-18FA112,NT-,2,VA,Shelter,2023,J,3,5VAS,2,20235VAS2
D58-18FA113,NT-,3.1,VA,Shelter,2019,C,7,2VAS,4,20192VAS4
D58-18FA113,NT-,5,VA,Shelter,2020,C,7,2VAS,4,20202VAS4
D58-18FA113,NT-,4.9,VA,Shelter,2021,C,7,2VAS,4,20212VAS4
D58-18FA113,NT-,4.5,VA,Shelter,2022,C,7,2VAS,4,20222VAS4
D58-18FA113,NT-,4.4,VA,Shelter,2023,C,7,2VAS,4,20232VAS4
D58-18FA24,NT-,2.5,VA,Shelter,2019,G,12,4VAS,6,20194VAS6
D58-18FA24,NT-,3.2,VA,Shelter,2020,G,12,4VAS,6,20204VAS6
D58-18FA257,NT-,3,VA,Shelter,2019,L,10,6VAS,5,20196VAS5
D58-18FA259replant,NT-,3.9,VA,Shelter,2019,A,2,1VAS,1,20191VAS1
D58-18FA259replant,NT-,3.5,VA,Shelter,2020,A,2,1VAS,1,20201VAS1
D58-18FA299replant,NT-,3,VA,Shelter,2019,C,8,2VAS,4,20192VAS4
D58-18FA30,NT-,1.6,VA,Shelter,2019,F,6,3VAS,3,20193VAS3
D58-18FA30,NT-,3,VA,Shelter,2020,F,6,3VAS,3,20203VAS3
D58-18FA30,NT-,6,VA,Shelter,2021,F,6,3VAS,3,20213VAS3
D58-18FA344,NT-,2.5,VA,Shelter,2019,H,12,4VAS,6,20194VAS6
D58-18FA344,NT-,2.5,VA,Shelter,2020,H,12,4VAS,6,20204VAS6
D58-18FA348,NT-,2.7,VA,Shelter,2019,I,3,5VAS,2,20195VAS2
D58-18FA348,NT-,2.8,VA,Shelter,2020,I,3,5VAS,2,20205VAS2
D58-18FA348,NT-,4,VA,Shelter,2021,I,3,5VAS,2,20215VAS2
D58-18FA348,NT-,4.4,VA,Shelter,2023,I,3,5VAS,2,20235VAS2
D58-18FA352,NT-,2.4,VA,Shelter,2019,E,6,3VAS,3,20193VAS3
D58-18FA352,NT-,2.6,VA,Shelter,2020,E,6,3VAS,3,20203VAS3
D58-18FA352,NT-,4.4,VA,Shelter,2021,E,6,3VAS,3,20213VAS3
D58-18FA44,NT-,2.1,VA,Shelter,2019,K,9,6VAS,5,20196VAS5
D58-18FA84replant,NT-,2.8,VA,Shelter,2019,B,2,1VAS,1,20191VAS1
D58-18MJ208,NT-,2.5,VA,Shelter,2019,L,9,6VAS,5,20196VAS5
D58-18MJ262,NT-,1.4,VA,Shelter,2019,K,10,6VAS,5,20196VAS5
D58-18MJ266replant,NT-,2.9,VA,Shelter,2019,E,5,3VAS,3,20193VAS3
D58-18MJ266replant,NT-,3.3,VA,Shelter,2020,E,5,3VAS,3,20203VAS3
D58-18MJ266replant,NT-,4.2,VA,Shelter,2021,E,5,3VAS,3,20213VAS3
D58-18MJ271,NT-,1.8,VA,Shelter,2019,F,5,3VAS,3,20193VAS3
D58-18MJ289,NT-,2.1,VA,Shelter,2019,I,4,5VAS,2,20195VAS2
D58-18MJ289,NT-,2.6,VA,Shelter,2020,I,4,5VAS,2,20205VAS2
D58-18MJ289,NT-,5.6,VA,Shelter,2021,I,4,5VAS,2,20215VAS2
D58-18MJ289,NT-,5,VA,Shelter,2022,I,4,5VAS,2,20225VAS2
D58-18MJ289,NT-,5.2,VA,Shelter,2023,I,4,5VAS,2,20235VAS2
D58-18MJ298replant,NT-,3.7,VA,Shelter,2019,G,11,4VAS,6,20194VAS6
D58-18MJ301,NT-,1.8,VA,Shelter,2019,B,1,1VAS,1,20191VAS1
D58-18MJ330replant,NT-,3.9,VA,Shelter,2019,F,5,3VAS,3,20193VAS3
D58-18MJ366,NT-,2.2,VA,Shelter,2019,J,4,5VAS,2,20195VAS2
D58-18MJ366,NT-,3.1,VA,Shelter,2020,J,4,5VAS,2,20205VAS2
D58-18MJ366,NT-,4,VA,Shelter,2021,J,4,5VAS,2,20215VAS2
D58-18MJ366,NT-,4,VA,Shelter,2022,J,4,5VAS,2,20225VAS2
D58-18MJ366,NT-,4.6,VA,Shelter,2023,J,4,5VAS,2,20235VAS2
D58-18MJ401,NT-,1.6,VA,Shelter,2019,D,7,2VAS,4,20192VAS4
D58-18MJ401,NT-,2,VA,Shelter,2020,D,7,2VAS,4,20202VAS4
D58-18MJ401,NT-,4.9,VA,Shelter,2022,D,7,2VAS,4,20222VAS4
D58-18MJ401,NT-,5,VA,Shelter,2023,D,7,2VAS,4,20232VAS4
D58-18MJ420replant,NT-,2.1,VA,Shelter,2019,A,1,1VAS,1,20191VAS1
D58-18MJ431replant,NT-,2.9,VA,Shelter,2019,L,9,6VAS,5,20196VAS5
D58-18MJ431replant,NT-,3.2,VA,Shelter,2020,L,9,6VAS,5,20206VAS5
D58-18MJ435,NT-,1.3,VA,Shelter,2019,D,8,2VAS,4,20192VAS4
D58-18MJ549replant,NT-,4.3,VA,Shelter,2019,H,11,4VAS,6,20194VAS6
D58-18MJ549replant,NT-,5,VA,Shelter,2020,H,11,4VAS,6,20204VAS6
D58-18MJ549replant,NT-,5.2,VA,Shelter,2021,H,11,4VAS,6,20214VAS6
